filename,mean,std,median,min,max,q25,q75,iqr,sem,rms,sum,abs_mean,cv,peak_to_valley,peak_intensity,beam_pixels_10pct,beam_mean_10pct,beam_std_10pct,power_fraction_10pct
INT SID4 22h15m16s124ms.csv,1069.14224156625,1075.082300062097,757.3821,0.0,3488.679,0.0,2132.7668,2132.7668,2.687705750155242,1516.1991494674817,171062758.65060002,1069.14224156625,1.0055559103970526,3488.679,3488.679,97066,1750.4979293748584,849.5274472319733,0.9932835957577024
INT SID4 22h15m16s327ms.csv,1072.9426878218749,1087.8194616223575,743.6566499999999,0.0,3576.3862,0.0,2134.516575,2134.516575,2.7195486540558935,1527.923360803775,171670830.0515,1072.9426878218749,1.0138653946472036,3576.3862,3576.3862,95885,1775.188001030401,860.1789217528521,0.9915132432675783
INT SID4 22h15m16s531ms.csv,1069.646369519375,1080.0535136309406,750.54275,0.0,3524.6802,0.0,2134.9141,2134.9141,2.7001337840773516,1520.082779788676,171143419.12309998,1069.646369519375,1.009729518472765,3524.6802,3524.6802,96174,1765.4408860305282,850.4934143200568,0.9920890481390574
INT SID4 22h15m16s736ms.csv,1058.67738550125,1066.146502343787,748.39245,0.0,3537.3286,0.0,2105.3907249999997,2105.3907249999997,2.6653662558594675,1502.4842983719914,169388381.6802,1058.67738550125,1.0070551396911154,3537.3286,3537.3286,96351,1744.3993648389744,837.7927597774311,0.9922441051412821
INT SID4 22h15m16s932ms.csv,1076.9038240431248,1088.084999473371,751.4187,0.0,3598.5991,0.0,2153.903425,2153.903425,2.7202124986834275,1530.896277597419,172304611.8469,1076.9038240431248,1.0103827056610002,3598.5991,3598.5991,96085,1778.496231917573,857.4706220292206,0.9917715411798742
INT SID4 22h15m17s128ms.csv,1063.523895904375,1069.8871005265282,753.5166,0.0,3541.6953,0.0,2117.754375,2117.754375,2.6747177513163205,1508.553721588208,170163823.3447,1063.523895904375,1.0059831327219417,3541.6953,3541.6953,96503,1749.8717754919535,840.9381647913249,0.9923841192039107
INT SID4 22h15m17s327ms.csv,1066.5064630843751,1083.7162394694874,733.76035,0.0,3628.877,0.0,2128.3514,2128.3514,2.7092905986737184,1520.4833386903922,170641034.09350002,1066.5064630843751,1.0161365889291847,3628.877,3628.877,95485,1770.3719680997012,857.1767095628227,0.9906407815213722
INT SID4 22h15m17s526ms.csv,1061.3611231093748,1071.9247994386337,750.7997,0.0,3521.4104,0.0,2101.68985,2101.68985,2.6798119985965845,1508.4770558106616,169817779.6975,1061.3611231093748,1.0099529520153427,3521.4104,3521.4104,96013,1754.405010075719,842.6431229973952,0.9919202131393773
INT SID4 22h15m17s733ms.csv,1065.9145175168749,1077.193618681144,746.7227,0.0,3629.2256,0.0,2120.199575,2120.199575,2.69298404670286,1515.4248904573049,170546322.80269998,1065.9145175168749,1.0105816188624053,3629.2256,3629.2256,95825,1764.1520865671796,847.1662149102565,0.9912255563016085
INT SID4 22h15m17s933ms.csv,1066.67541439,1076.8943262919274,750.51495,0.0,3579.3887,0.0,2120.6482,2120.6482,2.6922358157298185,1515.7475322526952,170668066.3024,1066.67541439,1.0095801513413247,3579.3887,3579.3887,96049,1762.2085695613698,847.0990495556297,0.9917401337277578
INT SID4 22h15m18s132ms.csv,1046.9799044131248,1061.2249432715603,726.0291500000001,0.0,3525.0801,0.0,2087.58205,2087.58205,2.6530623581789006,1490.757613338522,167516784.7061,1046.9799044131248,1.013605837894682,3525.0801,3525.0801,95621,1736.148828164315,836.6147799074585,0.9910188247055984
INT SID4 22h15m18s327ms.csv,1053.638670189375,1061.5690597237715,745.6852,0.0,3505.5752,0.0,2100.653725,2100.653725,2.6539226493094286,1495.6858870016185,168582187.2303,1053.638670189375,1.0075266690173494,3505.5752,3505.5752,96510,1733.3817412993474,836.8282892126789,0.9923270933972821
INT SID4 22h15m18s523ms.csv,1053.406521174375,1069.5105594275128,728.25135,0.0,3625.6982,0.0,2108.059525,2108.059525,2.673776398568782,1501.1698726324814,168545043.3879,1053.406521174375,1.0152875816975042,3625.6982,3625.6982,95237,1752.0462861608407,843.2314614562039,0.9900002325851784
INT SID4 22h15m18s728ms.csv,1065.6334580118748,1072.2798268619792,755.2346,0.0,3575.6624,0.0,2127.83835,2127.83835,2.680699567154948,1511.7379097513342,170501353.2819,1065.6334580118748,1.006237012173495,3575.6624,3575.6624,96242,1757.273638184992,840.9281828352556,0.9919189861594708
INT SID4 22h15m18s932ms.csv,1076.098527821875,1071.7045288150975,785.5089,0.0,3513.8645,0.0,2145.59055,2145.59055,2.679261322037744,1518.7269208853727,172175764.4515,1076.098527821875,0.995916731699585,3513.8645,3513.8645,97145,1760.7562314756292,833.8363284358737,0.993453780510918
INT SID4 22h15m19s132ms.csv,1068.739768581875,1066.9631593030608,773.9393,0.0,3511.1145,0.0,2133.236175,2133.236175,2.667407898257652,1510.168189703886,170998362.9731,1068.739768581875,0.9983376596145828,3511.1145,3511.1145,96949,1751.6500373815102,831.8772024653466,0.9931131299825061
INT SID4 22h15m19s333ms.csv,1049.8726903312502,1047.0220029117445,765.09685,0.0,3444.7485,0.0,2086.8163,2086.8163,2.6175550072793614,1482.7275167374758,167979630.453,1049.8726903312502,0.9972847303813502,3444.7485,3444.7485,97082,1718.9533987021282,815.6668552874785,0.9934504165937678
INT SID4 22h15m19s531ms.csv,1058.314516555,1055.0687708392586,772.7438,0.0,3515.5557,0.0,2105.540125,2105.540125,2.6376719270981464,1494.3870883536545,169330322.6488,1058.314516555,0.9969330991260446,3515.5557,3515.5557,96750,1737.6182021901811,818.6696071442658,0.9928201779345716
INT SID4 22h15m19s723ms.csv,1056.5337726075002,1057.3088038815888,759.69335,0.0,3437.3838,0.0,2106.325375,2106.325375,2.643272009703972,1494.7101834599357,169045403.61720002,1056.5337726075002,1.0007335603405985,3437.3838,3437.3838,96904,1732.4873440755798,827.0277688116554,0.9931352760733569
INT SID4 22h15m19s925ms.csv,1071.5837472275,1067.3872558137762,780.4157,0.0,3521.6917,0.0,2134.61065,2134.61065,2.6684681395344403,1512.4814578941398,171453399.5564,1071.5837472275,0.996083841860627,3521.6917,3521.6917,97321,1750.4889775742133,832.7139580491543,0.993618897188795
INT SID4 22h15m20s132ms.csv,1058.459496721875,1048.0102625193347,787.1737,0.0,3402.095,0.0,2107.95435,2107.95435,2.6200256562983366,1489.5150727710445,169353519.4755,1058.459496721875,0.9901278846900583,3402.095,3402.095,97887,1720.9691125011493,813.7392924955894,0.99472691230235
INT SID4 22h15m20s333ms.csv,1069.479939408125,1065.9789207230226,781.53855,0.0,3520.2751,0.0,2125.3588,2125.3588,2.6649473018075565,1509.997118632385,171116790.3053,1069.479939408125,0.9967264288406936,3520.2751,3520.2751,97249,1748.3068449732132,831.5611145170203,0.9935967830126717
INT SID4 22h15m20s533ms.csv,1079.1663413562499,1073.5087183393716,792.42415,0.0,3545.4272,0.0,2141.2143,2141.2143,2.683771795848429,1522.1740235714913,172666614.61699998,1079.1663413562499,0.9947574133846976,3545.4272,3545.4272,97150,1765.8919259567679,833.2478292594424,0.9935701871912958
INT SID4 22h15m20s728ms.csv,1073.71010141875,1068.38203465021,789.4172000000001,0.0,3540.5332,0.0,2135.404825,2135.404825,2.670955086625525,1514.6902059005035,171793616.227,1073.71010141875,0.9950377045335603,3540.5332,3540.5332,97358,1753.523578925204,832.108244018142,0.9937479188482722
INT SID4 22h15m20s924ms.csv,1066.885910393125,1070.5259931430473,767.28305,0.0,3600.167,0.0,2120.43555,2120.43555,2.6763149828576185,1511.3782733413855,170701745.6629,1066.885910393125,1.0034118762976072,3600.167,3600.167,96560,1754.1441560521957,839.0038539135718,0.9922579236119246
INT SID4 22h15m21s127ms.csv,1018.8032575537499,1025.5605745184137,721.1302499999999,0.0,3369.9023,0.0,2040.092075,2040.092075,2.563901436296034,1445.5891518747976,163008521.20859998,1018.8032575537499,1.006632602432866,3369.9023,3369.9023,96433,1677.2906916086815,806.4148238746697,0.9922559389206127
INT SID4 22h15m21s333ms.csv,1042.9598716712499,1044.660155860231,752.08775,0.0,3465.7395,0.0,2071.497975,2071.497975,2.6116503896505776,1476.1684573383468,166873579.46739998,1042.9598716712499,1.0016302489052198,3465.7395,3465.7395,96621,1714.44234368098,815.8278511559186,0.9926744198662149
INT SID4 22h15m21s534ms.csv,1052.3150873062498,1057.3690749988978,753.42935,0.0,3543.1992,0.0,2089.6714,2089.6714,2.643422687497244,1491.773915864224,168370413.96899998,1052.3150873062498,1.0048027323314204,3543.1992,3543.1992,96492,1731.5062877948433,829.4992841292809,0.9923151032500389
INT SID4 22h15m21s732ms.csv,1036.7411661449999,1044.9180728720128,733.06235,0.0,3472.3723,0.0,2068.1919749999997,2068.1919749999997,2.612295182180032,1471.964401916071,165878586.58319998,1036.7411661449999,1.0078871245726808,3472.3723,3472.3723,96441,1706.483352990948,823.810219822075,0.9921410860542503
INT SID4 22h15m21s933ms.csv,1068.9869038818752,1073.9516199917234,763.16945,0.0,3625.7346,0.0,2120.883025,2120.883025,2.6848790499793087,1515.2880499028201,171037904.6211,1068.9869038818752,1.0046443189264702,3625.7346,3625.7346,96171,1763.9103385448839,839.2615739777672,0.9918095146452865
INT SID4 22h15m22s123ms.csv,1070.03612513,1071.6153985095893,773.57705,0.0,3613.4956,0.0,2116.94935,2116.94935,2.6790384962739733,1514.3743573366614,171205780.0208,1070.03612513,1.0014759066002528,3613.4956,3613.4956,96676,1757.8435312197441,837.6324050996054,0.9926141582577037
INT SID4 22h15m22s324ms.csv,1059.0814706675,1056.2677446580153,772.05205,0.0,3535.4258,0.0,2102.4401,2102.4401,2.6406693616450383,1495.7767670282512,169453035.3068,1059.0814706675,0.9973432393187728,3535.4258,3535.4258,96776,1738.3849546416468,820.6036281389775,0.9928057179135635
INT SID4 22h15m22s525ms.csv,1054.8742756212498,1056.508385689269,762.0524,0.0,3570.8599,0.0,2088.3335,2088.3335,2.641270964223173,1492.9711082559152,168779884.09939998,1054.8742756212498,1.0015491041025302,3570.8599,3570.8599,96498,1735.417896209248,824.6743127638366,0.9922056591161941
INT SID4 22h15m22s724ms.csv,1071.8351662687498,1069.857826931352,781.52785,0.0,3577.3076,0.0,2116.7367999999997,2116.7367999999997,2.67464456732838,1514.4039222654808,171493626.603,1071.8351662687498,0.9981551833718219,3577.3076,3577.3076,96962,1756.472098092036,834.0766233631895,0.9931042391998764
INT SID4 22h15m22s924ms.csv,1081.467051019375,1082.806575326051,782.18695,0.0,3686.6562,0.0,2124.037225,2124.037225,2.7070164383151276,1530.3704564816576,173034728.1631,1081.467051019375,1.001238617769642,3686.6562,3686.6562,96570,1778.1137769038003,845.3057197429971,0.9923582928032015
INT SID4 22h15m23s127ms.csv,1076.87264747,1071.4765286419815,791.9802500000001,0.0,3566.9419,0.0,2117.7505,2117.7505,2.678691321604954,1519.114701038905,172299623.5952,1076.87264747,0.9949890835831916,3566.9419,3566.9419,97141,1762.260093813117,831.9484761149918,0.9935466149089661
INT SID4 22h15m23s325ms.csv,1067.6750372074998,1056.2350143917547,795.66455,0.0,3530.9192,0.0,2106.4386750000003,2106.4386750000003,2.6405875359793867,1501.850664347375,170828005.95319998,1067.6750372074998,0.9892851079054285,3530.9192,3530.9192,97443,1742.5277326447258,814.9412800483069,0.9939654151241314
INT SID4 22h15m23s524ms.csv,1076.823550036875,1070.0490203888469,795.1601499999999,0.0,3625.519,0.0,2103.7533999999996,2103.7533999999996,2.6751225509721173,1518.0733538497034,172291768.00590003,1076.823550036875,0.9937087839063353,3625.519,3625.519,97047,1763.534076313539,828.2239114414338,0.993348048399731
INT SID4 22h15m23s727ms.csv,1001.409695226875,1018.3364263198074,684.1730500000001,0.0,3452.813,0.0,2010.9995749999998,2010.9995749999998,2.5458410657995185,1428.2240627987778,160225551.2363,1001.409695226875,1.016902903151039,3452.813,3452.813,94808,1672.2374633617417,800.7078187529171,0.9894894303879389
INT SID4 22h15m23s932ms.csv,1092.300013550625,1084.4310345256279,808.6791000000001,0.0,3636.408,0.0,2156.059625,2156.059625,2.7110775863140697,1539.1889547106748,174768002.1681,1092.300013550625,0.9927959544746144,3636.408,3636.408,97343,1784.2888966263624,840.8676869663815,0.9938205615993639
INT SID4 22h15m24s125ms.csv,1072.13544088875,1069.7752501106638,780.22655,0.0,3570.3667,0.0,2128.354475,2128.354475,2.6744381252766596,1514.5581325059009,171541670.5422,1072.13544088875,0.9977986076310185,3570.3667,3570.3667,96916,1757.9159955074497,832.6119014303192,0.993170849287539
INT SID4 22h15m24s328ms.csv,1081.9619437256251,1079.91994136879,788.4897,0.0,3615.5732,0.0,2151.117325,2151.117325,2.699799853421975,1528.6796389424617,173113910.9961,1081.9619437256251,0.9981126855998237,3615.5732,3615.5732,96871,1774.502915673421,840.9354680386072,0.992975497781184
INT SID4 22h15m24s534ms.csv,1082.314069965625,1078.4611666244282,790.14225,0.0,3686.1011,0.0,2146.3033,2146.3033,2.6961529165610703,1527.89887254423,173170251.19450003,1082.314069965625,0.996440124499795,3686.1011,3686.1011,96805,1775.972126455245,836.9583788917081,0.9927974378717097
INT SID4 22h15m24s729ms.csv,1057.6234142681249,1057.7197947534594,763.3089,0.0,3522.4441,0.0,2103.3821,2103.3821,2.6442994868836482,1495.7711918277107,169219746.28289998,1057.6234142681249,1.0000911293037138,3522.4441,3522.4441,96630,1738.5248145306844,823.712780119946,0.9927544303680128
INT SID4 22h15m24s930ms.csv,1070.9713406137503,1072.4171424211422,771.6605999999999,0.0,3632.3152,0.0,2119.793025,2119.793025,2.6810428560528554,1515.6025045452864,171355414.49820003,1070.9713406137503,1.0013499911272719,3632.3152,3632.3152,96529,1761.721980260854,836.5490542273483,0.9924242051562737
INT SID4 22h15m25s127ms.csv,1072.222734195,1075.0970771604023,769.1691000000001,0.0,3660.927,0.0,2131.401025,2131.401025,2.6877426929010055,1518.383381456297,171555637.4712,1072.222734195,1.0026807330918603,3660.927,3660.927,96172,1769.2661527253256,837.2616919881438,0.9918290471128627
INT SID4 22h15m25s333ms.csv,1090.9185753931251,1094.250732172656,780.1936499999999,0.0,3640.4712,0.0,2175.117975,2175.117975,2.73562683043164,1545.1474102311415,174546972.0629,1090.9185753931251,1.0030544504921728,3640.4712,3640.4712,96674,1792.2609724041624,857.4604328471165,0.9926556456319503
INT SID4 22h15m25s533ms.csv,1060.2286926381248,1069.1624326730325,748.8951,0.0,3635.6943,0.0,2107.46545,2107.46545,2.6729060816825814,1505.717783552264,169636590.82209998,1060.2286926381248,1.0084262386944813,3635.6943,3635.6943,95800,1755.1048844655534,837.5816551355408,0.9911720526624443
INT SID4 22h15m25s728ms.csv,1088.58910791125,1088.6354865837422,789.78565,0.0,3675.7273,0.0,2159.42275,2159.42275,2.7215887164593555,1539.527869662414,174174257.2658,1088.58910791125,1.0000426043877844,3675.7273,3675.7273,96616,1789.2145870953052,848.3497329027907,0.9924931460048964
INT SID4 22h15m25s928ms.csv,1071.982579636875,1075.0605054201717,769.8806500000001,0.0,3639.4863,0.0,2129.013675,2129.013675,2.6876512635504293,1518.187905988547,171517212.7419,1071.982579636875,1.0028712460834377,3639.4863,3639.4863,96400,1765.1575675414936,839.9844870637381,0.9920939525006125
INT SID4 22h15m26s123ms.csv,1065.085155955,1061.5351161929275,778.3731,0.0,3577.4924,0.0,2111.2556,2111.2556,2.653837790482319,1503.7473689058943,170413624.95279998,1065.085155955,0.9966668958418726,3577.4924,3577.4924,96991,1745.0257064253385,825.612981049011,0.9931822548741525
INT SID4 22h15m26s334ms.csv,1049.5547453412498,1051.3402437438249,755.36595,0.0,3599.1565,0.0,2084.8004,2084.8004,2.628350609359562,1485.5553047115868,167928759.2546,1049.5547453412498,1.001701196064807,3599.1565,3599.1565,96463,1727.1484990421197,820.6014086408592,0.9921226501203739
INT SID4 22h15m26s530ms.csv,1048.311910709375,1047.5404440856962,763.1801499999999,0.0,3589.5513,0.0,2077.735425,2077.735425,2.6188511102142407,1481.9891989313758,167729905.71350002,1048.311910709375,0.9992640867514729,3589.5513,3589.5513,96522,1724.2621739510164,814.6492519016176,0.9922454367701029
INT SID4 22h15m26s734ms.csv,1059.2318595537502,1062.209561489043,757.6363,0.0,3593.7185,0.0,2102.465925,2102.465925,2.6555239037226075,1500.0847419413467,169477097.52860004,1059.2318595537502,1.002811189928281,3593.7185,3593.7185,96208,1747.252229831199,827.7938647962993,0.991872323629052
INT SID4 22h15m26s924ms.csv,1061.910692913125,1069.10414651103,752.0711,0.0,3614.7341,0.0,2113.9913500000002,2113.9913500000002,2.6727603662775747,1506.8612584316897,169905710.8661,1061.910692913125,1.0067740664501363,3614.7341,3614.7341,96108,1753.0473278239065,838.2034971308002,0.9916198326922506
INT SID4 22h15m27s125ms.csv,1053.477236185,1058.2556646747692,751.2402500000001,0.0,3564.8118,0.0,2095.171475,2095.171475,2.645639161686923,1493.222133364507,168556357.7896,1053.477236185,1.0045358630691181,3564.8118,3564.8118,96303,1736.2748472539795,828.1175107444082,0.9920033798061625
INT SID4 22h15m27s325ms.csv,1093.173528586875,1091.4009566560321,793.7536,0.0,3694.585,0.0,2166.002,2166.002,2.72850239164008,1544.7255313056364,174907764.57389998,1093.173528586875,0.9983785081832935,3694.585,3694.585,96833,1793.3065906374893,850.2154532492606,0.9928161709358014
INT SID4 22h15m27s533ms.csv,1080.9742462924999,1084.6604062556598,776.062,0.0,3709.7676,0.0,2132.1038,2132.1038,2.71165101563915,1531.3347658154637,172955879.40679997,1080.9742462924999,1.0034100349530082,3709.7676,3709.7676,96108,1784.7352732530069,845.105905500429,0.9917404266920583
INT SID4 22h15m27s735ms.csv,1083.24438377625,1086.6250431065891,773.6757,0.0,3651.519,0.0,2138.53645,2138.53645,2.716562607766473,1534.328843363372,173319101.40420002,1083.24438377625,1.0031208648583554,3651.519,3651.519,96500,1782.3297552632125,849.9895608315335,0.9923592955965561
INT SID4 22h15m27s934ms.csv,1079.81336868125,1084.4060580302275,772.48135,0.0,3726.6375,0.0,2140.392275,2140.392275,2.711015145075569,1530.3352770789443,172770138.98900002,1079.81336868125,1.0042532251240652,3726.6375,3726.6375,96131,1781.9258658008341,847.3206290710203,0.9914810302734448
INT SID4 22h15m28s124ms.csv,1095.370822248125,1096.5902990397403,790.0295,0.0,3700.3015,0.0,2168.76505,2168.76505,2.7414757475993508,1549.9483883314715,175259331.5597,1095.370822248125,1.0011133004155721,3700.3015,3700.3015,96593,1800.7700837089644,855.8156384519414,0.9924823012145791
INT SID4 22h15m28s325ms.csv,1068.4667274206251,1072.1702452947727,764.15085,0.0,3611.6404,0.0,2109.8365750000003,2109.8365750000003,2.680425613236932,1513.6588115618806,170954676.3873,1068.4667274206251,1.0034661985994522,3611.6404,3611.6404,96361,1760.1665760037774,837.8609713971631,0.9921425667587073
INT SID4 22h15m28s527ms.csv,1051.1019689612501,1057.0521162997231,749.3098,0.0,3536.5068,0.0,2081.61595,2081.61595,2.6426302907493078,1490.693644661131,168176315.0338,1051.1019689612501,1.0056608659427708,3536.5068,3536.5068,96350,1731.8304593523612,828.8571419373163,0.992184093967478
INT SID4 22h15m28s734ms.csv,1073.699263879375,1079.0490409800018,766.66765,0.0,3663.0022,0.0,2122.5302,2122.5302,2.6976226024500045,1522.2252346243865,171791882.2207,1073.699263879375,1.0049825656779316,3663.0022,3663.0022,95908,1775.9695384639447,840.8894115716066,0.9914885633314063
INT SID4 22h15m28s933ms.csv,1076.477617688125,1073.6451326885783,789.4946,0.0,3621.667,0.0,2115.1792750000004,2115.1792750000004,2.6841128317214458,1520.365327106509,172236418.8301,1076.477617688125,0.9973687469641674,3621.667,3621.667,96858,1765.7320832651922,834.8023647481672,0.992968149724509
INT SID4 22h15m29s134ms.csv,1077.013549886875,1088.2569725282467,754.5056999999999,0.0,3647.5686,0.0,2144.6329499999997,2144.6329499999997,2.720642431320617,1531.0956936132482,172322167.98189998,1077.013549886875,1.0104394440000795,3647.5686,3647.5686,95702,1784.6718026425783,854.1196760027151,0.991147354149118
INT SID4 22h15m29s324ms.csv,1057.4737828275,1070.4677201148959,739.85825,0.0,3632.0955,0.0,2092.231925,2092.231925,2.6761693002872398,1504.707539455213,169195805.25239998,1057.4737828275,1.0122877157792523,3632.0955,3632.0955,95426,1756.5230662146582,840.299415876965,0.9906745020454482
INT SID4 22h15m29s524ms.csv,1048.7070184868749,1056.269264081624,740.63365,0.0,3560.2803,0.0,2081.938675,2081.938675,2.64067316020406,1488.4502664558288,167793122.9579,1048.7070184868749,1.0072110183887768,3560.2803,3560.2803,95930,1734.1516433128324,826.7918778009583,0.9914421056740194
INT SID4 22h15m29s729ms.csv,1065.95515042375,1069.680693435805,764.8072500000001,0.0,3608.9846,0.0,2102.049575,2102.049575,2.6742017335895127,1510.1225173042458,170552824.0678,1065.95515042375,1.0034950279198644,3608.9846,3608.9846,96312,1756.9524911994354,835.201785671595,0.9921595215868816
INT SID4 22h15m29s935ms.csv,1046.4493773675001,1058.089276605866,734.26205,0.0,3581.2627,0.0,2081.56335,2081.56335,2.645223191514665,1488.153963625881,167431900.3788,1046.4493773675001,1.0111232320359795,3581.2627,3581.2627,95779,1732.4808599275414,832.7599002441792,0.9910613443888886
INT SID4 22h15m30s132ms.csv,1061.1183989643748,1070.722198870995,749.0678,0.0,3628.7324,0.0,2105.77905,2105.77905,2.6768054971774875,1507.451862743281,169778943.83429998,1061.1183989643748,1.0090506393216745,3628.7324,3628.7324,95793,1756.635889295669,839.7316320636212,0.9911324569643376
INT SID4 22h15m30s329ms.csv,1062.178272803125,1067.7003777538664,756.7249999999999,0.0,3602.6479,0.0,2103.477925,2103.477925,2.669250944384666,1506.0543333393305,169948523.64850003,1062.178272803125,1.0051988494701247,3602.6479,3602.6479,96120,1753.7222319434043,834.2306762170215,0.9918755239265523
INT SID4 22h15m30s525ms.csv,1047.179620906875,1054.962950798051,741.7321999999999,0.0,3553.3105,0.0,2066.877875,2066.877875,2.6374073769951276,1486.4471164765753,167548739.3451,1047.179620906875,1.0074326598186036,3553.3105,3553.3105,96100,1729.1935780166493,827.3551433980263,0.9918039580418954
INT SID4 22h15m30s729ms.csv,1029.287806189375,1044.5091975668045,716.9086,0.0,3590.9907,0.0,2043.600075,2043.600075,2.611272993917011,1466.433098721226,164686048.9903,1029.287806189375,1.014788275238372,3590.9907,3590.9907,94901,1717.530054339786,818.8671470847104,0.9897336215558881
INT SID4 22h15m30s926ms.csv,1063.4290492431248,1073.6113975782878,752.7171000000001,0.0,3668.3098,0.0,2085.53035,2085.53035,2.6840284939457195,1511.130560797175,170148647.8789,1063.4290492431248,1.0095750142827198,3668.3098,3668.3098,95550,1764.5210738283624,839.946287163874,0.990898198170213
INT SID4 22h15m31s134ms.csv,1045.6446093518748,1045.652835287336,758.7266999999999,0.0,3563.6604,0.0,2059.373275,2059.373275,2.6141320882183403,1478.7682939948725,167303137.49629998,1045.6446093518748,1.000007866855896,3563.6604,3563.6604,96294,1723.8912357665067,811.071477408891,0.9922132073618236
INT SID4 22h15m31s328ms.csv,1046.233097389375,1053.8516043480806,742.4824000000001,0.0,3568.9365,0.0,2073.796425,2073.796425,2.6346290108702015,1484.9915679188093,167397295.5823,1046.233097389375,1.0072818447224763,3568.9365,3568.9365,95815,1732.0812147127278,823.4422051756192,0.9914100524169278
INT SID4 22h15m31s529ms.csv,1057.4251802281249,1056.7192456496218,770.6179,0.0,3616.0337,0.0,2078.6881249999997,2078.6881249999997,2.6417981141240547,1494.9236090213817,169188028.8365,1057.4251802281249,0.9993324023375804,3616.0337,3616.0337,96360,1741.9875978663345,819.885077308738,0.9921383095763507
INT SID4 22h15m31s735ms.csv,1068.8675736906248,1071.6382649993088,768.7241,0.0,3602.5237,0.0,2113.24325,2113.24325,2.679095662498272,1513.5650906203023,171018811.7905,1068.8675736906248,1.0025921745376898,3602.5237,3602.5237,96502,1758.8000264512652,837.2677466070586,0.9924505870179849
INT SID4 22h15m31s925ms.csv,1067.512348200625,1068.8307844641322,774.5074500000001,0.0,3607.7153,0.0,2098.795225,2098.795225,2.6720769611603306,1510.620640459986,170801975.7121,1067.512348200625,1.001235054812929,3607.7153,3607.7153,96573,1755.444966899651,833.8488168377214,0.9925446475757025
INT SID4 22h15m32s128ms.csv,1080.18814589,1080.4919542425102,787.4440999999999,0.0,3680.1995,0.0,2115.7625000000003,2115.7625000000003,2.7012298856062755,1527.8291779715362,172830103.3424,1080.18814589,1.000281255032899,3680.1995,3680.1995,96646,1775.0546158402828,842.4327606470611,0.9926044426567991
INT SID4 22h15m32s327ms.csv,1055.64122527875,1054.1468362720616,772.367,0.0,3530.7737,0.0,2085.3047500000002,2085.3047500000002,2.635367090680154,1491.843491714434,168902596.0446,1055.64122527875,0.9985843779392997,3530.7737,3530.7737,96863,1731.4302141684645,821.5049616080133,0.9929481770115273
INT SID4 22h15m32s527ms.csv,1054.103177479375,1059.4203569020144,753.87495,0.0,3558.071,0.0,2082.544275,2082.544275,2.6485508922550363,1494.4892059057092,168656508.3967,1054.103177479375,1.0050442684703342,3558.071,3558.071,96187,1739.4646484368989,827.9807936217992,0.9920393095394695
INT SID4 22h15m32s734ms.csv,1025.148987183125,1037.5438235041813,719.7049999999999,0.0,3549.2573,0.0,2036.06075,2036.06075,2.593859558760453,1458.5681004008184,164023837.9493,1025.148987183125,1.0120907658067473,3549.2573,3549.2573,95326,1704.0663889085874,813.7513039549319,0.9903550277814558
INT SID4 22h15m32s935ms.csv,1038.06949265875,1047.5022753096132,736.1524,0.0,3514.0051,0.0,2061.200475,2061.200475,2.618755688274033,1474.7346983394186,166091118.8254,1038.06949265875,1.0090868508491686,3514.0051,3514.0051,95999,1715.5490732913881,823.113511916717,0.9915701492746769
INT SID4 22h15m33s124ms.csv,1055.92642646375,1068.4216737456245,742.7679499999999,0.0,3649.6692,0.0,2081.8114,2081.8114,2.671054184364061,1502.164557065387,168948228.2342,1055.92642646375,1.0118334449907838,3649.6692,3649.6692,95477,1752.97459327482,838.8464637368392,0.9906511420178347
INT SID4 22h15m33s329ms.csv,1036.474633918125,1041.011321856025,743.4404,0.0,3581.188,0.0,2051.6578250000002,2051.6578250000002,2.6025283046400625,1469.0056044258522,165835941.4269,1036.474633918125,1.0043770371116072,3581.188,3581.188,96115,1710.8175569963066,813.1371438537096,0.9915536286998592
INT SID4 22h15m33s525ms.csv,1023.417205086875,1032.6968340457581,723.7411999999999,0.0,3461.0215,0.0,2023.511275,2023.511275,2.5817420851143953,1453.9046947182503,163746752.8139,1023.417205086875,1.0090672981778672,3461.0215,3461.0215,95884,1693.26041607046,810.0403586729395,0.9915102372687662
INT SID4 22h15m33s735ms.csv,1047.05895481,1054.5172213494113,745.2982999999999,0.0,3552.072,0.0,2071.42465,2071.42465,2.6362930533735285,1486.0457849370691,167529432.76959997,1047.05895481,1.0071230626557832,3552.072,3552.072,95981,1730.8571018378639,825.3853565206496,0.9916430369580168
INT SID4 22h15m33s929ms.csv,1037.367761613125,1048.564972188193,731.5788,0.0,3600.6948,0.0,2062.1113,2062.1113,2.6214124304704827,1474.9961023443827,165978841.8581,1037.367761613125,1.0107938678927666,3600.6948,3600.6948,95358,1723.8907651733466,820.8639260302402,0.9904080167395004
INT SID4 22h15m34s136ms.csv,1044.835624713125,1052.8817990546502,742.10105,0.0,3557.1812,0.0,2077.54065,2077.54065,2.6322044976366255,1483.3187914098928,167173699.9541,1044.835624713125,1.0077008996929382,3557.1812,3557.1812,95791,1730.0648676138676,823.1841232452504,0.9913320323657496
INT SID4 22h15m34s324ms.csv,1057.1389047874998,1067.7753375878435,747.2143,0.0,3639.1768,0.0,2089.817475,2089.817475,2.6694383439696088,1502.5577225767656,169142224.76599997,1057.1389047874998,1.0100615281039922,3639.1768,3639.1768,95682,1751.8270910432475,837.7031875993418,0.9909903925947041
INT SID4 22h15m34s525ms.csv,1028.747072298125,1044.4668990410958,713.64,0.0,3592.7454,0.0,2048.8263,2048.8263,2.611167247602739,1466.0234731272521,164599531.5677,1028.747072298125,1.0152805555089972,3592.7454,3592.7454,94852,1717.0514294342763,819.6647850055033,0.9894667416942987
INT SID4 22h15m34s730ms.csv,1024.562631429375,1031.4831443466653,727.52385,0.0,3413.6121,0.0,2039.0375749999998,2039.0375749999998,2.5787078608666634,1453.8498591871644,163930021.0287,1024.562631429375,1.0067546021150846,3413.6121,3413.6121,96477,1686.2049867491733,811.4717899674063,0.9923746577090895
INT SID4 22h15m34s935ms.csv,1033.1127669693751,1048.825976567364,715.42285,0.0,3514.1316,0.0,2061.8685,2061.8685,2.62206494141841,1472.1925971737007,165298042.71510002,1033.1127669693751,1.0152095783736006,3514.1316,3514.1316,95394,1716.1888566576513,827.7302228660632,0.99041777569121
INT SID4 22h15m35s135ms.csv,1048.2716353637502,1063.8552161440819,726.08755,0.0,3617.397,0.0,2088.521075,2088.521075,2.6596380403602047,1493.5375016217893,167723461.65820003,1048.2716353637502,1.0148659758163954,3617.397,3617.397,95267,1743.135913107372,838.2801314757152,0.9901019654150522
INT SID4 22h15m35s335ms.csv,1028.6690896549999,1041.2739780748034,717.75815,0.0,3497.3513,0.0,2052.1172,2052.1172,2.6031849451870084,1463.6956025265342,164587054.3448,1028.6690896549999,1.0122535891732005,3497.3513,3497.3513,95683,1704.7475313754796,819.7636861083628,0.9910582499573941
INT SID4 22h15m35s525ms.csv,1034.356364215625,1047.7326066541852,721.6121,0.0,3589.8694,0.0,2057.45895,2057.45895,2.619331516635463,1472.2872825444585,165497018.2745,1034.356364215625,1.0129319477322527,3589.8694,3589.8694,95300,1719.5340968740818,823.1017564923721,0.9901785611647455
INT SID4 22h15m35s724ms.csv,1053.850871201875,1067.1719518000093,735.579,0.0,3577.8254,0.0,2091.0396,2091.0396,2.6679298795000235,1499.8168273465099,168616139.3923,1053.850871201875,1.0126403848610395,3577.8254,3577.8254,95794,1744.7941241998453,841.6621265713749,0.9912503567925515
INT SID4 22h15m35s931ms.csv,1050.996441736875,1066.196054476853,731.95015,0.0,3613.2336,0.0,2085.166,2085.166,2.665490136192133,1497.1173775919892,168159430.67790002,1050.996441736875,1.014462097240651,3613.2336,3613.2336,95373,1746.4248530779153,839.8188434655323,0.9904991759376242
INT SID4 22h15m36s135ms.csv,1037.2513209887502,1045.9501443336042,734.4331999999999,0.0,3488.6973,0.0,2056.346325,2056.346325,2.6148753608340103,1473.0564041309624,165960211.3582,1037.2513209887502,1.0083864181889506,3488.6973,3488.6973,96200,1711.2545481112265,822.5842949790338,0.9919406957911545
INT SID4 22h15m36s332ms.csv,1039.188903539375,1049.3932962024255,729.8734,0.0,3444.3262,0.0,2072.710025,2072.710025,2.6234832405060637,1476.8659332145373,166270224.56629997,1039.188903539375,1.0098195743125187,3444.3262,3444.3262,96020,1717.354258571131,825.3363898898511,0.9917611907852223
INT SID4 22h15m36s529ms.csv,1034.116568810625,1050.3025940611446,713.79,0.0,3448.9753,0.0,2062.899775,2062.899775,2.6257564851528614,1473.94902299337,165458651.0097,1034.116568810625,1.015652031636177,3448.9753,3448.9753,95594,1715.5280244889848,830.0494096448475,0.9911490573157512
INT SID4 22h15m36s725ms.csv,1054.3350066300002,1061.9212559152213,746.6227,0.0,3550.6782,0.0,2096.1973,2096.1973,2.6548031397880534,1496.4264138240585,168693601.06080002,1054.3350066300002,1.0071952929927541,3550.6782,3550.6782,96113,1740.8236937771167,832.5887558631598,0.9918324502403418
INT SID4 22h15m36s926ms.csv,1036.348844228125,1048.1546293948506,726.9838,0.0,3517.8914,0.0,2065.585325,2065.585325,2.6203865734871266,1473.9878519272243,165815815.0765,1036.348844228125,1.0113917096858613,3517.8914,3517.8914,95616,1718.3758415819527,823.5826467440982,0.9908839177547533
INT SID4 22h15m37s136ms.csv,1032.314597164375,1044.5617762355153,722.4288,0.0,3522.8286,0.0,2053.120125,2053.120125,2.611404440588788,1468.5965792067568,165170335.5463,1032.314597164375,1.0118638049919866,3522.8286,3522.8286,95793,1709.0616865261554,822.9156897017945,0.9911958197330636
INT SID4 22h15m37s331ms.csv,1051.90011351125,1058.994008897644,746.8326500000001,0.0,3578.2678,0.0,2091.1796000000004,2091.1796000000004,2.64748502224411,1492.6336290292877,168304018.16180003,1051.90011351125,1.0067438868912313,3578.2678,3578.2678,96295,1733.4732155594786,832.3098224964994,0.9918052172220029
INT SID4 22h15m37s536ms.csv,1016.70151537375,1023.0366464183845,723.05645,0.0,3395.6965,0.0,2028.371825,2028.371825,2.5575916160459613,1442.3173749225168,162672242.4598,1016.70151537375,1.0062310628526059,3395.6965,3395.6965,96502,1672.7388323464797,804.6303902302093,0.9923182981816407
INT SID4 22h15m37s735ms.csv,1029.388525083125,1036.946123484696,727.5905,0.0,3462.0479,0.0,2052.69195,2052.69195,2.59236530871174,1461.1267153210417,164702164.0133,1029.388525083125,1.0073418327651942,3462.0479,3462.0479,96363,1695.6680803565685,815.8682200372778,0.992091780981124
INT SID4 22h15m37s925ms.csv,1049.70204992,1056.8228324750316,743.0677000000001,0.0,3555.5791,0.0,2095.0971250000002,2095.0971250000002,2.642057081187579,1489.54419618257,167952327.9872,1049.70204992,1.0067836226056464,3555.5791,3555.5791,96191,1731.5514468682104,829.5034127087268,0.9917079877475344
INT SID4 22h15m38s130ms.csv,1058.1644161281251,1063.9134975251,754.15995,0.0,3564.5403,0.0,2106.688225,2106.688225,2.65978374381275,1500.538832328675,169306306.5805,1058.1644161281251,1.0054330700497471,3564.5403,3564.5403,96419,1742.2609231790414,834.8324527254754,0.992207906160467
INT SID4 22h15m38s330ms.csv,1049.067176723125,1055.2598883758433,749.1184499999999,0.0,3592.9941,0.0,2081.36655,2081.36655,2.6381497209396083,1487.9880421088321,167850748.2757,1049.067176723125,1.0059030649229357,3592.9941,3592.9941,96159,1731.0362458854604,826.6545139461446,0.9916828854089648
INT SID4 22h15m38s533ms.csv,1060.4299058924998,1063.8426699646038,761.6273,0.0,3546.9104,0.0,2100.40545,2100.40545,2.6596066749115095,1502.0871273800758,169668784.9428,1060.4299058924998,1.0032182835028882,3546.9104,3546.9104,96367,1747.138946544979,830.5265992778353,0.9923247751108785
INT SID4 22h15m38s736ms.csv,1065.223393709375,1068.604421915226,765.2088,0.0,3553.124,0.0,2107.09115,2107.09115,2.6715110547880654,1508.843647324393,170435742.9935,1065.223393709375,1.003174008593706,3553.124,3553.124,96786,1748.3535849100076,838.5346911687691,0.9928442655103953
INT SID4 22h15m38s936ms.csv,1059.7194712799999,1064.863408483349,756.94605,0.0,3598.8403,0.0,2101.1553,2101.1553,2.6621585212083727,1502.3090059800438,169555115.4048,1059.7194712799999,1.0048540555710797,3598.8403,3598.8403,96124,1749.4048369803586,831.9114186928947,0.9917706708431133
INT SID4 22h15m39s130ms.csv,1068.02829043375,1079.5801003992979,750.65005,0.0,3663.1348,0.0,2118.17755,2118.17755,2.698950250998245,1518.6080264546674,170884526.46940002,1068.02829043375,1.010816014958607,3663.1348,3663.1348,95741,1768.7537580472315,848.958747114221,0.9909747655211123
INT SID4 22h15m39s325ms.csv,1050.196582080625,1055.1750733721374,749.6126999999999,0.0,3562.6707,0.0,2080.4699,2080.4699,2.6379376834303434,1488.7243995328688,168031453.1329,1050.196582080625,1.0047405327502097,3562.6707,3562.6707,96331,1730.436047886973,826.2673421483172,0.992044238272208
INT SID4 22h15m39s535ms.csv,1048.1286583474998,1058.8001835439177,735.4561000000001,0.0,3544.5518,0.0,2084.519975,2084.519975,2.6470004588597944,1489.8404298818498,167700585.3356,1048.1286583474998,1.0101815031116903,3544.5518,3544.5518,96075,1730.9763291022637,834.2848204678719,0.9916694714314546
INT SID4 22h15m39s735ms.csv,1050.02989701625,1053.77831487146,753.30805,0.0,3540.3208,0.0,2080.0496000000003,2080.0496000000003,2.63444578717865,1487.617081515497,168004783.5226,1050.02989701625,1.0035698201221321,3540.3208,3540.3208,96245,1731.766859189568,822.1932356180189,0.9920783079386488
INT SID4 22h15m39s932ms.csv,1041.657996745,1049.8011254384073,737.26225,0.0,3482.0605,0.0,2070.11265,2070.11265,2.6245028135960182,1478.893808608155,166665279.4792,1041.657996745,1.007817468611437,3482.0605,3482.0605,96269,1717.598269677674,825.254771293216,0.9921170644557437
INT SID4 22h15m40s134ms.csv,1059.7942526756249,1065.0186908475757,757.78455,0.0,3587.1819,0.0,2101.0488,2101.0488,2.662546727118939,1502.4718235973335,169567080.4281,1059.7942526756249,1.0049296721120726,3587.1819,3587.1819,96154,1749.0894867743411,832.3848169301577,0.99183137485588
INT SID4 22h15m40s329ms.csv,1058.0446499331251,1069.2247005542558,741.10935,0.0,3596.8188,0.0,2105.893925,2105.893925,2.6730617513856396,1504.2249819319982,169287143.9893,1058.0446499331251,1.0105667096580815,3596.8188,3596.8188,95666,1753.9093064192084,838.8330255014962,0.9911531599735968
INT SID4 22h15m40s528ms.csv,1064.319477025625,1075.3329013400914,749.0077,0.0,3587.6487,0.0,2107.71315,2107.71315,2.6883322533502287,1512.9803603319822,170291116.32410002,1064.319477025625,1.0103478556506773,3587.6487,3587.6487,95770,1762.8712230030283,843.962192123053,0.9914209306472598
INT SID4 22h15m40s736ms.csv,1054.895382533125,1072.5835880624588,727.6931999999999,0.0,3656.4004,0.0,2096.7612,2096.7612,2.681458970156147,1504.404410804634,168783261.2053,1054.895382533125,1.0167677343386015,3656.4004,3656.4004,94792,1762.232273492489,842.2389712292176,0.9897043135439463
INT SID4 22h15m40s935ms.csv,1034.4738647306249,1045.0234637685373,724.02125,0.0,3504.9937,0.0,2066.22115,2066.22115,2.6125586594213432,1470.4432635007574,165515818.35689998,1034.4738647306249,1.0101980334134963,3504.9937,3504.9937,95818,1712.4603621741219,820.8594319770232,0.9913525402689084
INT SID4 22h15m41s135ms.csv,1068.19762580375,1074.254781517086,759.0185,0.0,3602.4219,0.0,2111.082775,2111.082775,2.685636953792715,1514.9462996222815,170911620.1286,1068.19762580375,1.005670444838124,3602.4219,3602.4219,96333,1760.1510415568912,842.4015767095909,0.9920953891766782
INT SID4 22h15m41s346ms.csv,1005.375484258125,1022.8795100154431,687.8438,0.0,3405.6064,0.0,2012.9755,2012.9755,2.5571987750386076,1434.2439879919725,160860077.4813,1005.375484258125,1.017410436231428,3405.6064,3405.6064,95131,1674.4271845097812,807.1695653718008,0.9902390635620418
INT SID4 22h15m41s527ms.csv,1037.235038635625,1050.0090643291135,720.47135,0.0,3495.1006,0.0,2069.434675,2069.434675,2.6250226608227836,1475.9297645222744,165957606.1817,1037.235038635625,1.0123154590981525,3495.1006,3495.1006,95819,1716.861060197873,827.9935816835168,0.9912646591623359
INT SID4 22h15m41s729ms.csv,1057.3670881575,1075.4145349364878,728.3865499999999,0.0,3635.8713,0.0,2102.17935,2102.17935,2.6885363373412194,1508.1559444711597,169178734.1052,1057.3670881575,1.0170682887533744,3635.8713,3635.8713,95240,1759.2333402404452,849.2858827999813,0.9903690567888584
INT SID4 22h15m41s932ms.csv,1055.3039970075,1067.118266780141,739.7443000000001,0.0,3582.5806,0.0,2095.5493,2095.5493,2.6677956669503526,1500.8000547248582,168848639.5212,1055.3039970075,1.0111951341093577,3582.5806,3582.5806,95636,1749.805115122966,837.839961660625,0.9910909703769859
INT SID4 22h15m42s136ms.csv,1063.0955732825,1075.5362347024634,744.77535,0.0,3615.9658,0.0,2110.265475,2110.265475,2.6888405867561587,1512.2642494706733,170095291.7252,1063.0955732825,1.011702298205936,3615.9658,3615.9658,95669,1762.1462332051133,845.5896137942037,0.9911077859630378
INT SID4 22h15m42s335ms.csv,1069.571707865,1080.299526216118,752.53665,0.0,3644.2874,0.0,2120.768775,2120.768775,2.7007488155402952,1520.2050554329364,171131473.2584,1069.571707865,1.010030013202697,3644.2874,3644.2874,95691,1772.6187522170321,846.995469634616,0.9911891587719621
INT SID4 22h15m42s533ms.csv,1045.1507886106249,1057.6766758725678,728.7463,0.0,3513.8584,0.0,2080.148075,2080.148075,2.6441916896814193,1486.9475881377139,167224126.17769998,1045.1507886106249,1.0119847656418968,3513.8584,3513.8584,95865,1729.497184997653,833.5798597898447,0.9914732486843151
INT SID4 22h15m42s725ms.csv,1062.09483517875,1075.6816705698398,739.9002,0.0,3609.6934,0.0,2116.82035,2116.82035,2.6892041764245995,1511.664401742065,169935173.6286,1062.09483517875,1.012792487959705,3609.6934,3609.6934,95633,1760.9326573389937,847.1282156513271,0.9909853812098487
INT SID4 22h15m42s927ms.csv,1054.286088895,1068.1269640358487,734.1374,0.0,3572.2898,0.0,2098.2157,2098.2157,2.6703174100896216,1500.8021981403426,168685774.2232,1054.286088895,1.0131281966883907,3572.2898,3572.2898,95755,1746.0274515879066,842.8982024004555,0.9911378680076367
INT SID4 22h15m43s136ms.csv,1071.150207616875,1087.428401690445,742.7728,0.0,3684.5984,0.0,2133.3785000000003,2133.3785000000003,2.7185710042261126,1526.3865517792026,171384033.2187,1071.150207616875,1.0151969293921768,3684.5984,3684.5984,95274,1781.3302530060669,856.9246831485644,0.9902582833275404
INT SID4 22h15m43s335ms.csv,1047.6363156099999,1065.3947952028238,719.15905,0.0,3585.2346,0.0,2083.9454,2083.9454,2.6634869880070595,1494.189019256676,167621810.4976,1047.6363156099999,1.0169509965702963,3585.2346,3585.2346,95202,1743.627834683095,840.8510551483539,0.9903058356470666
INT SID4 22h15m43s533ms.csv,1054.368743965625,1069.7663833281306,729.00035,0.0,3569.1204,0.0,2102.2687,2102.2687,2.6744159583203264,1502.0274333879127,168698999.0345,1054.368743965625,1.0146036568806014,3569.1204,3569.1204,95587,1748.7572246947807,844.7258902905363,0.9908681011362435
INT SID4 22h15m43s735ms.csv,1069.2905825862501,1077.704113439264,751.8745,0.0,3583.2419,0.0,2129.156,2129.156,2.69426028359816,1518.1637747927844,171086493.2138,1069.2905825862501,1.0078683297038522,3583.2419,3583.2419,96595,1757.8717387483825,850.699040652625,0.9924899237498874
INT SID4 22h15m43s928ms.csv,1040.1127896581252,1043.2879626610065,746.4893999999999,0.0,3541.012,0.0,2057.560175,2057.560175,2.6082199066525162,1473.1862018878264,166418046.34530002,1040.1127896581252,1.0030527198919688,3541.012,3541.012,96281,1714.6072249727358,814.0714578773353,0.9919843541791601
INT SID4 22h15m44s127ms.csv,1060.2977764743748,1068.4853316602776,748.2633,0.0,3554.2461,0.0,2115.1219499999997,2115.1219499999997,2.671213329150694,1505.2857347988877,169647644.23589998,1060.2977764743748,1.0077219394094425,3554.2461,3554.2461,96500,1744.546355630052,842.3498064455762,0.9923434190704482
INT SID4 22h15m44s329ms.csv,1048.13995272375,1060.8428615539246,731.6259,0.0,3568.7039,0.0,2090.852575,2090.852575,2.6521071538848116,1491.3007422157707,167702392.4358,1048.13995272375,1.0121194777445162,3568.7039,3568.7039,95684,1736.8034676299067,835.3307286261313,0.990947717459182
INT SID4 22h15m44s535ms.csv,1048.7963862893748,1058.2890809563858,737.85575,0.0,3572.0005,0.0,2090.0995,2090.0995,2.645722702390964,1489.9471933315442,167807421.80629998,1048.7963862893748,1.009051036779975,3572.0005,3572.0005,96077,1731.8314138742883,832.7052274087927,0.9915483174687166
INT SID4 22h15m44s735ms.csv,1057.48546514375,1070.484258897981,740.5878,0.0,3647.0447,0.0,2099.784275,2099.784275,2.676210647244952,1504.72751534463,169197674.42299998,1057.48546514375,1.0122921725004164,3647.0447,3647.0447,95587,1753.666457014029,842.4864522610004,0.9907211561757342
INT SID4 22h15m44s937ms.csv,1035.5585512525,1040.189467178,741.3194000000001,0.0,3447.9673,0.0,2064.121425,2064.121425,2.6004736679450002,1467.7768489238856,165689368.2004,1035.5585512525,1.0044719015838344,3447.9673,3447.9673,96570,1702.7972551900175,816.2336152701279,0.992454330170492
INT SID4 22h15m45s126ms.csv,1049.5447309749998,1057.03370664494,745.6383,0.0,3550.3005,0.0,2086.9386,2086.9386,2.64258426661235,1489.5829671587012,167927156.95599997,1049.5447309749998,1.0071354516381423,3550.3005,3550.3005,96051,1733.8102348387836,828.1848087062585,0.9917050338090047
INT SID4 22h15m45s328ms.csv,1040.276440399375,1043.611833717645,750.4043999999999,0.0,3556.1504,0.0,2057.208325,2057.208325,2.6090295842941122,1473.5311075407021,166444230.4639,1040.276440399375,1.0032062567109457,3556.1504,3556.1504,96163,1716.7272570832856,813.3236482427847,0.9918375828515447
INT SID4 22h15m45s528ms.csv,1073.5478969975,1079.6784810298557,766.6270999999999,0.0,3642.1082,0.0,2117.8174249999997,2117.8174249999997,2.699196202574639,1522.5647519519657,171767663.51959997,1073.5478969975,1.0057105826852262,3642.1082,3642.1082,96259,1770.2687881953896,845.7432781310947,0.9920627654311407
INT SID4 22h15m45s735ms.csv,1054.07545609375,1062.3412943129674,745.6666,0.0,3517.6123,0.0,2086.3552250000002,2086.3552250000002,2.6558532357824185,1496.5416930995902,168652072.975,1054.07545609375,1.0078417898561536,3517.6123,3517.6123,96143,1740.1415906327031,833.7463261677964,0.9919974892511397
INT SID4 22h15m45s937ms.csv,1040.71867097125,1057.571829937504,717.0824,0.0,3436.49,0.0,2075.269075,2075.269075,2.6439295748437597,1483.760943421119,166514987.35540003,1040.71867097125,1.0161937701670374,3436.49,3436.49,95714,1724.7915818856177,837.3803922215695,0.9914224784838642
INT SID4 22h15m46s136ms.csv,1059.3511379175,1077.0582373339453,732.1089999999999,0.0,3589.8779,0.0,2105.0688250000003,2105.0688250000003,2.692645593334863,1510.7190439243545,169496182.0668,1059.3511379175,1.016715042616798,3589.8779,3589.8779,95265,1762.5676118952395,849.5705110427991,0.9906477036811645
INT SID4 22h15m46s330ms.csv,1063.1889948862502,1071.8421815375991,751.2615499999999,0.0,3570.3293,0.0,2103.9059500000003,2103.9059500000003,2.679605453843998,1509.7050442669674,170110239.1818,1063.1889948862502,1.0081388978751364,3570.3293,3570.3293,95971,1757.7686270810975,840.1498712245068,0.9916793587557813
INT SID4 22h15m46s527ms.csv,1074.5179807706247,1077.570815691466,772.8094000000001,0.0,3624.8667,0.0,2125.0586749999998,2125.0586749999998,2.6939270392286647,1521.755728290996,171922876.92329997,1074.5179807706247,1.0028411203678982,3624.8667,3624.8667,96577,1766.6706045569856,843.4310504680108,0.9924202644213467
INT SID4 22h15m46s730ms.csv,1031.7154196525,1049.804670583966,708.42475,0.0,3519.2632,0.0,2059.54085,2059.54085,2.6245116764599152,1471.9102097163072,165074467.1444,1031.7154196525,1.0175331788077355,3519.2632,3519.2632,95161,1717.5774619045617,829.3107154187525,0.9901373100258088
INT SID4 22h15m46s936ms.csv,1033.325678301875,1044.7671393210687,721.8467499999999,0.0,3510.1182,0.0,2061.84465,2061.84465,2.6119178483026717,1469.4534734819993,165332108.52830002,1033.325678301875,1.011072463657339,3510.1182,3510.1182,95992,1707.5766339309523,824.0521056831569,0.9914208298882413
INT SID4 22h15m47s133ms.csv,1054.2704808018752,1062.490328106907,748.22375,0.0,3612.3889,0.0,2093.725,2093.725,2.656225820267268,1496.7848504295234,168683276.92830002,1054.2704808018752,1.0077967157904097,3612.3889,3612.3889,95820,1744.8534367532875,831.7951023863312,0.9911584559788108
INT SID4 22h15m47s337ms.csv,1045.462357456875,1050.8527389438052,745.80565,0.0,3564.4209,0.0,2078.823175,2078.823175,2.627131847359513,1482.3211925838611,167273977.1931,1045.462357456875,1.0051559785471775,3564.4209,3564.4209,96193,1724.7512772311916,822.1492547930883,0.9918398689066604
INT SID4 22h15m47s526ms.csv,1050.5700375506249,1058.1563872126571,744.3199,0.0,3530.7261,0.0,2090.890125,2090.890125,2.6453909680316428,1491.1020573739045,168091206.00809997,1050.5700375506249,1.007221174591766,3530.7261,3530.7261,96171,1733.7156733890674,830.21380024938,0.9919208386039271
INT SID4 22h15m47s731ms.csv,1075.6533228087499,1085.4588809376633,755.6559500000001,0.0,3613.1746,0.0,2138.0153250000003,2138.0153250000003,2.7136472023441582,1528.150414453633,172104531.6494,1075.6533228087499,1.0091159092999482,3613.1746,3613.1746,95993,1778.038895021512,852.423320470477,0.9917187305532232
INT SID4 22h15m47s935ms.csv,1074.4218855425,1083.6612627555633,760.26545,0.0,3666.3352,0.0,2124.4318000000003,2124.4318000000003,2.7091531568889082,1526.006808968707,171907501.6868,1074.4218855425,1.0085993940903366,3666.3352,3666.3352,95741,1779.8979458257172,847.9629003023354,0.9912843102203314
INT SID4 22h15m48s136ms.csv,1037.1849035799999,1051.6349248134584,722.97285,0.0,3502.7119,0.0,2060.6326,2060.6326,2.6290873120336458,1477.0516670724717,165949584.57279998,1037.1849035799999,1.0139319625493788,3502.7119,3502.7119,95614,1720.4110557062772,828.7154399164281,0.9912370862738614
INT SID4 22h15m48s335ms.csv,1084.115507954375,1090.0361242082345,768.87945,0.0,3617.0632,0.0,2158.2873,2158.2873,2.7250903105205864,1537.360647521876,173458481.2727,1084.115507954375,1.0054612411781012,3617.0632,3617.0632,96458,1784.5527748926995,855.4281258201501,0.9923665323114507
INT SID4 22h15m48s535ms.csv,1074.01600713625,1079.1233277608721,769.0333,0.0,3635.8896,0.0,2124.4832499999998,2124.4832499999998,2.6978083194021805,1522.5013175471686,171842561.1418,1074.01600713625,1.0047553487012166,3635.8896,3635.8896,96352,1769.4081915725674,845.1452776953552,0.9921058958945532
INT SID4 22h15m48s726ms.csv,1066.10512211875,1077.1116847107116,748.5669,0.0,3596.8865,0.0,2119.778525,2119.778525,2.692779211776779,1515.5007296891345,170576819.539,1066.10512211875,1.0103240875253339,3596.8865,3596.8865,95956,1762.6322795270748,847.6082132799323,0.9915482271940802
INT SID4 22h15m48s931ms.csv,1065.42225880375,1074.3621214119416,750.20335,0.0,3552.9192,0.0,2122.946575,2122.946575,2.685905303529854,1513.0668667947075,170467561.4086,1065.42225880375,1.0083909103027642,3552.9192,3552.9192,96182,1758.0772255702732,844.6694095451909,0.9919505054952305
INT SID4 22h15m49s127ms.csv,1074.9057546793751,1083.7108528636275,758.64125,0.0,3569.979,0.0,2137.285475,2137.285475,2.7092771321590687,1526.3827350552249,171984920.74870002,1074.9057546793751,1.0081915071585767,3569.979,3569.979,96246,1772.7968907081852,852.2130188273711,0.9920905204963424
INT SID4 22h15m49s336ms.csv,1078.5013934643748,1080.3938500051474,774.7606499999999,0.0,3568.665,0.0,2145.8819,2145.8819,2.7009846250128686,1526.567663589007,172560222.9543,1078.5013934643748,1.0017547094071828,3568.665,3568.665,96586,1773.414673654567,843.5843897104431,0.9926217452498473
INT SID4 22h15m49s537ms.csv,1075.148506104375,1080.0381490771706,766.4637,0.0,3609.4407,0.0,2138.170675,2138.170675,2.7000953726929264,1523.948628768532,172023760.9767,1075.148506104375,1.0045478768235576,3609.4407,3609.4407,96551,1768.0660381487505,847.6506082391652,0.9923544461536442
INT SID4 22h15m49s737ms.csv,1061.34370566625,1071.2165804540039,743.8964,0.0,3581.2627,0.0,2119.2528,2119.2528,2.6780414511350097,1507.9616214913838,169814992.9066,1061.34370566625,1.0093022408622618,3581.2627,3581.2627,96102,1752.3220705469191,843.1945214652632,0.9916771937582842
INT SID4 22h15m49s926ms.csv,1065.39640332,1065.7816096828465,772.55765,0.0,3552.3428,0.0,2108.31505,2108.31505,2.664454024207116,1506.968094031889,170463424.5312,1065.39640332,1.0003615615386396,3552.3428,3552.3428,97152,1742.935451984519,835.9405469263655,0.9933489573900207
INT SID4 22h15m50s130ms.csv,1049.75494199,1058.7813909683368,739.1673000000001,0.0,3526.1978,0.0,2093.5361000000003,2093.5361000000003,2.6469534774208423,1490.971651551619,167960790.7184,1049.75494199,1.0085986248954681,3526.1978,3526.1978,96199,1731.596084286739,833.5155986280603,0.9917660603990686
INT SID4 22h15m50s333ms.csv,1071.4941389431249,1066.2697896896686,785.52085,0.0,3484.3909,0.0,2122.205225,2122.205225,2.6656744742241716,1511.6295341034843,171439062.2309,1071.4941389431249,0.9951242390755304,3484.3909,3484.3909,97571,1746.8112179776779,832.3166649728497,0.9941615121514612
INT SID4 22h15m50s536ms.csv,1045.4115562706252,1050.0914604222876,742.8912,0.0,3442.8462,0.0,2089.12675,2089.12675,2.625228651055719,1481.7457627442411,167265849.0033,1045.4115562706252,1.0044766141368826,3442.8462,3442.8462,96730,1716.7526741011059,825.1773314065359,0.9927997086991961
INT SID4 22h15m50s733ms.csv,1073.90789746125,1075.575136311908,776.67445,0.0,3559.9885,0.0,2124.461825,2124.461825,2.68893784077977,1519.9121078849626,171825263.5938,1073.90789746125,1.0015524970573346,3559.9885,3559.9885,96789,1762.7557330750394,841.3799767075542,0.9929585503325037
INT SID4 22h15m50s936ms.csv,1073.0829991812502,1082.5098784811512,760.1337,0.0,3646.8071,0.0,2126.1923500000003,2126.1923500000003,2.706274696202878,1524.2465142549522,171693279.86900002,1073.0829991812502,1.0087848556981078,3646.8071,3646.8071,95860,1775.8242173461297,848.4587590245235,0.9914803282031999
INT SID4 22h15m51s130ms.csv,1088.0513537825,1086.0989828042755,792.2392,0.0,3649.3105,0.0,2158.861575,2158.861575,2.7152474570106886,1537.3546683663012,174088216.6052,1088.0513537825,0.9982056260750578,3649.3105,3649.3105,96853,1784.689840541852,845.8650043573354,0.9929021532686372
INT SID4 22h15m51s330ms.csv,1050.7879236918752,1050.7647926266675,761.2846,0.0,3493.9395,0.0,2082.781025,2082.781025,2.6269119815666686,1486.0198549595111,168126067.79070002,1050.7879236918752,0.9999779869327701,3493.9395,3493.9395,96931,1722.4337973486295,821.487642709062,0.9930478515600859
INT SID4 22h15m51s528ms.csv,1018.0606421525,1029.688741243081,711.2230999999999,0.0,3470.2527,0.0,2038.230375,2038.230375,2.574221853107703,1447.9985318792876,162889702.7444,1018.0606421525,1.011421813798827,3470.2527,3470.2527,95460,1690.183507348628,808.0670844572625,0.9905163733073785
INT SID4 22h15m51s732ms.csv,1066.233002209375,1074.971961171216,755.1929,0.0,3627.5276,0.0,2112.8345249999998,2112.8345249999998,2.6874299029280397,1514.0707744439242,170597280.3535,1066.233002209375,1.0081961062391915,3627.5276,3627.5276,95756,1765.932351678224,841.0366303322596,0.9912152052887679
INT SID4 22h15m51s936ms.csv,1040.667788085,1048.7984271211494,738.0007,0.0,3583.2197,0.0,2065.788425,2065.788425,2.6219960678028738,1477.4845890993731,166506846.0936,1040.667788085,1.0078129054528633,3583.2197,3583.2197,95821,1722.3052641748675,821.140337304012,0.9911485118499481
INT SID4 22h15m52s136ms.csv,1058.35473202375,1068.8400736041256,744.60985,0.0,3596.8411,0.0,2108.94425,2108.94425,2.672100184010314,1504.1697715416776,169336757.1238,1058.35473202375,1.0099072090510945,3596.8411,3596.8411,96019,1748.621618629646,841.4766014775723,0.991520695512373
INT SID4 22h15m52s327ms.csv,1031.9825025675,1045.06047767655,722.1965,0.0,3515.0708,0.0,2055.706575,2055.706575,2.6126511941913746,1468.717965322395,165117200.4108,1031.9825025675,1.0126726713645937,3515.0708,3515.0708,95730,1709.2655288749609,824.2045595107315,0.9909808831066966
INT SID4 22h15m52s531ms.csv,1053.2813157143748,1066.532028567292,736.33865,0.0,3600.3523,0.0,2092.6674,2092.6674,2.66633007141823,1498.961303261968,168525010.5143,1053.2813157143748,1.0125804119518906,3600.3523,3600.3523,95783,1743.7840384504557,841.3956279807462,0.9910983897593485
INT SID4 22h15m52s729ms.csv,1059.936060381875,1066.782031084317,752.2619500000001,0.0,3549.5891,0.0,2107.1315,2107.1315,2.666955077710792,1503.8222106661558,169589769.6611,1059.936060381875,1.0064588525273634,3549.5891,3549.5891,96405,1745.4303296976295,838.3442652378126,0.9922073204696193
INT SID4 22h15m52s936ms.csv,1041.923586295625,1041.7253715755314,753.66165,0.0,3467.2859,0.0,2070.079825,2070.079825,2.604313428938829,1473.3600126971276,166707773.8073,1041.923586295625,0.9998097607898491,3467.2859,3467.2859,96955,1707.4686166840286,814.5453239267955,0.993040791978657
INT SID4 22h15m53s136ms.csv,1043.609476831875,1051.8612473118208,736.90555,0.0,3549.9663,0.0,2080.84895,2080.84895,2.6296531182795517,1481.730713947091,166977516.2931,1043.609476831875,1.0079069524215083,3549.9663,3549.9663,96099,1722.9563169408632,826.2229828834296,0.991596849548672
INT SID4 22h15m53s332ms.csv,1044.94850782375,1049.3982350134884,744.36865,0.0,3493.5198,0.0,2078.9386750000003,2078.9386750000003,2.623495587533721,1480.9278027383402,167191761.2518,1044.94850782375,1.0042583219712946,3493.5198,3493.5198,96330,1722.0996095660748,820.5447729825099,0.9922130979866929
INT SID4 22h15m53s529ms.csv,1061.8177303006248,1061.2669257993643,768.9924,0.0,3487.4104,0.0,2109.788,2109.788,2.6531673144984107,1501.2452633995572,169890836.84809998,1061.8177303006248,0.999481262663503,3487.4104,3487.4104,97036,1739.1278629992994,829.5976981868021,0.9933320386483655
INT SID4 22h15m53s728ms.csv,1059.06469168375,1062.8602244955523,757.6808,0.0,3497.6736,0.0,2101.8742,2101.8742,2.657150561238881,1500.427544914058,169450350.6694,1059.06469168375,1.0035838536036614,3497.6736,3497.6736,96668,1740.213877351347,833.2211562959607,0.9927568425279061
INT SID4 22h15m53s926ms.csv,1036.7954150856249,1038.83516450002,743.1173,0.0,3421.1477,0.0,2069.24645,2069.24645,2.5970879112500502,1467.6908689770944,165887266.41369998,1036.7954150856249,1.0019673596012437,3421.1477,3421.1477,96599,1704.7533005973146,811.344137089441,0.9927070814086302
INT SID4 22h15m54s136ms.csv,1058.172905991875,1062.2164298546595,754.9531999999999,0.0,3562.7983,0.0,2112.80605,2112.80605,2.655541074636649,1499.3420526784637,169307664.9587,1058.172905991875,1.0038212317097586,3562.7983,3562.7983,96475,1741.3273671137601,831.9118426499718,0.9922442541705344
INT SID4 22h15m54s333ms.csv,1057.7343721825,1064.9586651564039,748.53575,0.0,3551.4585,0.0,2109.0289249999996,2109.0289249999996,2.66239666289101,1500.9769725855313,169237499.5492,1057.7343721825,1.0068299690015712,3551.4585,3551.4585,96239,1744.4503983883874,835.7077917373222,0.9920033227724063
INT SID4 22h15m54s538ms.csv,1045.12637538625,1053.0732754300973,738.86675,0.0,3500.4758,0.0,2086.5182750000004,2086.5182750000004,2.632683188575243,1483.6595070744174,167220220.0618,1045.12637538625,1.0076037694875986,3500.4758,3500.4758,96124,1725.5191262286214,826.209180987079,0.99188842371037
INT SID4 22h15m54s729ms.csv,1040.302899108125,1048.0812729270694,733.91855,0.0,3467.6572,0.0,2081.366475,2081.366475,2.6202031823176735,1476.7185280507856,166448463.8573,1040.302899108125,1.0074770279171692,3467.6572,3467.6572,96392,1713.3241091874847,824.8779524472436,0.9922034346582341
INT SID4 22h15m54s929ms.csv,1036.54438295,1041.6246104604313,736.73495,0.0,3436.7925,0.0,2069.053925,2069.053925,2.6040615261510784,1469.4894711448633,165847101.272,1036.54438295,1.0049011191358463,3436.7925,3436.7925,96609,1703.9809907503443,818.0454065611323,0.992600402857887
INT SID4 22h15m55s126ms.csv,1052.26420949625,1060.542191058611,740.63325,0.0,3509.6514,0.0,2103.336025,2103.336025,2.6513554776465273,1493.9888473199185,168362273.5194,1052.26420949625,1.0078668280149174,3509.6514,3509.6514,96263,1735.0229070556702,833.9947619175728,0.9920186191988838
INT SID4 22h15m55s334ms.csv,1029.84409642625,1041.3527997320161,719.38625,0.0,3464.5684,0.0,2058.5632,2058.5632,2.60338199933004,1464.5776656961123,164775055.4282,1029.84409642625,1.0111751898619437,3464.5684,3464.5684,96013,1701.683061245873,821.3899687657039,0.9915560054573535
INT SID4 22h15m55s536ms.csv,1044.5843280875001,1058.3042226713712,726.32915,0.0,3529.9968,0.0,2091.400775,2091.400775,2.645760556678428,1486.9960477960744,167133492.49400002,1044.5843280875001,1.0131343101891923,3529.9968,3529.9968,95708,1730.607830932628,834.8596343058357,0.9910222769313942
INT SID4 22h15m55s736ms.csv,1060.1139077837502,1063.358209887255,758.60135,0.0,3510.2446,0.0,2108.511875,2108.511875,2.6583955247181374,1501.5209332354962,169618225.2454,1060.1139077837502,1.003060333497828,3510.2446,3510.2446,96705,1741.4412791096634,833.0800712343556,0.9928536786224104
INT SID4 22h15m55s931ms.csv,1065.792872051875,1068.5991215459937,764.15645,0.0,3531.002,0.0,2116.4581,2116.4581,2.6714978038649844,1509.241992453476,170526859.52830002,1065.792872051875,1.00263301582109,3531.002,3531.002,96667,1751.3240020089588,836.2811429040509,0.9927775470122019
