filename,mean,std,median,min,max,q25,q75,iqr,sem,rms,sum,abs_mean,cv,peak_to_valley
GRA SID4 22h15m16s124ms_GMod.csv,0.5536857762499999,0.5762223646989674,0.4739,0.0,15.6463,0.0,0.9376,0.9376,0.0014405559117474185,0.799123317892489,88589.7242,0.5536857762499999,1.0407028488262104,15.6463
GRA SID4 22h15m16s327ms_GMod.csv,0.5521133206250001,0.5739532643929374,0.4745,0.0,17.3174,0.0,0.9342250000000001,0.9342250000000001,0.0014348831609823434,0.7963977709845674,88338.13130000001,0.5521133206250001,1.0395569948252192,17.3174
GRA SID4 22h15m16s531ms_GMod.csv,0.5496826924999999,0.5682486519305527,0.4721,0.0,14.2305,0.0,0.9326,0.9326,0.0014206216298263818,0.7906045627803605,87949.23079999999,0.5496826924999999,1.033775775884592,14.2305
GRA SID4 22h15m16s736ms_GMod.csv,0.5575081999999999,0.5737429126711034,0.4842,0.0,16.389,0.0,0.9477249999999999,0.9477249999999999,0.0014343572816777586,0.7999964159461904,89201.31199999999,0.5575081999999999,1.029120132529126,16.389
GRA SID4 22h15m16s932ms_GMod.csv,0.550714028125,0.5699415499860176,0.4735,0.0,18.0814,0.0,0.9347,0.9347,0.0014248538749650442,0.7925385044056613,88114.2445,0.550714028125,1.0349138044030695,18.0814
GRA SID4 22h15m17s128ms_GMod.csv,0.549003166875,0.5652959394378338,0.4741,0.0,16.8763,0.0,0.933225,0.933225,0.0014132398485945845,0.788011407999156,87840.5067,0.549003166875,1.0296770101610613,16.8763
GRA SID4 22h15m17s327ms_GMod.csv,0.55149214375,0.5716562426745447,0.4745,0.0,16.1115,0.0,0.9331,0.9331,0.001429140606686362,0.794312534185301,88238.743,0.55149214375,1.0365628035721375,16.1115
GRA SID4 22h15m17s526ms_GMod.csv,0.5522524637499999,0.5719935224247436,0.47495,0.0,16.8707,0.0,0.9368,0.9368,0.0014299838060618589,0.7950832211536883,88360.3942,0.5522524637499999,1.0357464383946045,16.8707
GRA SID4 22h15m17s733ms_GMod.csv,0.5518297656249999,0.571859417694183,0.4742,0.0,15.8688,0.0,0.9337,0.9337,0.0014296485442354576,0.7946931734577266,88292.76249999998,0.5518297656249999,1.0362967953449582,15.8688
GRA SID4 22h15m17s933ms_GMod.csv,0.548239025,0.5691025236086106,0.4707,0.0,14.7283,0.0,0.9263,0.9263,0.0014227563090215265,0.7902162277978889,87718.244,0.548239025,1.038055478826179,14.7283
GRA SID4 22h15m18s132ms_GMod.csv,0.550478060625,0.5722216296531749,0.47155,0.0,15.8081,0.0,0.9315,0.9315,0.0014305540741329373,0.7940161473090063,88076.4897,0.550478060625,1.0394994289190167,15.8081
GRA SID4 22h15m18s327ms_GMod.csv,0.551534569375,0.5692066827570799,0.4742,0.0,15.7797,0.0,0.9341,0.9341,0.0014230167068926996,0.7925809762632695,88245.53110000001,0.551534569375,1.032041714812317,15.7797
GRA SID4 22h15m18s523ms_GMod.csv,0.551115765625,0.5716085124679562,0.471,0.0,16.9289,0.0,0.9333,0.9333,0.0014290212811698905,0.7940168994073347,88178.52249999999,0.551115765625,1.0371841056273885,16.9289
GRA SID4 22h15m18s728ms_GMod.csv,0.54989428875,0.5669834831573096,0.474,0.0,15.7241,0.0,0.9322,0.9322,0.001417458707893274,0.7898430159113107,87983.0862,0.54989428875,1.0310772356721964,15.7241
GRA SID4 22h15m18s932ms_GMod.csv,0.550640965625,0.5632849200756553,0.4773,0.0,16.2706,0.0,0.939425,0.939425,0.0014082123001891384,0.7877140287865816,88102.5545,0.550640965625,1.0229622480689955,16.2706
GRA SID4 22h15m19s132ms_GMod.csv,0.54912974375,0.562502114696239,0.475,0.0,16.1228,0.0,0.9358,0.9358,0.0014062552867405975,0.7860980390223282,87860.759,0.54912974375,1.0243519333953666,16.1228
GRA SID4 22h15m19s333ms_GMod.csv,0.554124773125,0.5688528900309335,0.48,0.0,16.6383,0.0,0.943,0.943,0.001422132225077334,0.7941321377625468,88659.9637,0.554124773125,1.0265790623686566,16.6383
GRA SID4 22h15m19s531ms_GMod.csv,0.5507152318749999,0.5652095820264375,0.4755,0.0,14.6923,0.0,0.9375,0.9375,0.0014130239550660937,0.7891432959842829,88114.4371,0.5507152318749999,1.0263191379346144,14.6923
GRA SID4 22h15m19s723ms_GMod.csv,0.5538672456249999,0.5693452201018607,0.4803,0.0,17.7666,0.0,0.9424,0.9424,0.0014233630502546518,0.7943052810265632,88618.75929999999,0.5538672456249999,1.0279452785809118,17.7666
GRA SID4 22h15m19s925ms_GMod.csv,0.5499572175000002,0.5647808792342985,0.4768,0.0,17.4857,0.0,0.935925,0.935925,0.0014119521980857463,0.7883072935220122,87993.15480000002,0.5499572175000002,1.0269542089122077,17.4857
GRA SID4 22h15m20s132ms_GMod.csv,0.5537612637499999,0.5661495150983412,0.48155,0.0,16.7814,0.0,0.9449,0.9449,0.001415373787745853,0.7919436895342529,88601.80219999999,0.5537612637499999,1.022371104947694,16.7814
GRA SID4 22h15m20s333ms_GMod.csv,0.554874776875,0.5675611353990833,0.482,0.0,15.6841,0.0,0.9471,0.9471,0.0014189028384977082,0.7937314704245463,88779.96429999999,0.554874776875,1.0228634622653219,15.6841
GRA SID4 22h15m20s533ms_GMod.csv,0.55239452375,0.5640315760750929,0.4782,0.0,14.2518,0.0,0.9433,0.9433,0.0014100789401877323,0.7894740909973709,88383.1238,0.55239452375,1.02106655990192,14.2518
GRA SID4 22h15m20s728ms_GMod.csv,0.55396732,0.5668153056067596,0.4823,0.0,16.8234,0.0,0.9457,0.9457,0.001417038264016899,0.7925637982526234,88634.7712,0.55396732,1.0231926778744573,16.8234
GRA SID4 22h15m20s924ms_GMod.csv,0.553361356875,0.566864976560474,0.4785,0.0,14.0687,0.0,0.9414,0.9414,0.001417162441401185,0.7921759177001422,88537.8171,0.553361356875,1.0244028960762794,14.0687
GRA SID4 22h15m21s127ms_GMod.csv,0.55528226,0.5731254953566028,0.4795,0.0,17.7799,0.0,0.9404,0.9404,0.001432813738391507,0.798003238554362,88845.1616,0.55528226,1.0321336312014915,17.7799
GRA SID4 22h15m21s333ms_GMod.csv,0.553980453125,0.5710123978670235,0.47835,0.0,16.1424,0.0,0.941125,0.941125,0.0014275309946675588,0.7955799539440944,88636.8725,0.553980453125,1.0307446673342275,16.1424
GRA SID4 22h15m21s534ms_GMod.csv,0.553301676875,0.5715112448720011,0.4775,0.0,19.2697,0.0,0.9391,0.9391,0.0014287781121800028,0.795465780056526,88528.2683,0.553301676875,1.0329107406628772,19.2697
GRA SID4 22h15m21s732ms_GMod.csv,0.55493668875,0.5723839290521701,0.4776,0.0,16.5425,0.0,0.9424,0.9424,0.0014309598226304252,0.7972302321864116,88789.8702,0.55493668875,1.03144005551415,16.5425
GRA SID4 22h15m21s933ms_GMod.csv,0.551296386875,0.5678191890302354,0.4772,0.0,17.2055,0.0,0.9361,0.9361,0.0014195479725755886,0.7914191825423096,88207.42190000002,0.551296386875,1.0299708152412612,17.2055
GRA SID4 22h15m22s123ms_GMod.csv,0.5508514918749999,0.5656166735346545,0.4752,0.0,10.2648,0.0,0.9373,0.9373,0.0014140416838366362,0.7895299791441978,88136.23869999999,0.5508514918749999,1.0268042873195637,10.2648
GRA SID4 22h15m22s324ms_GMod.csv,0.55091843625,0.5632202286279914,0.4769,0.0,10.0599,0.0,0.9392,0.9392,0.0014080505715699785,0.7878617687954531,88146.9498,0.55091843625,1.0223296073747414,10.0599
GRA SID4 22h15m22s525ms_GMod.csv,0.55506435875,0.5663774547588244,0.4823,0.0,10.6056,0.0,0.9467,0.9467,0.001415943636897061,0.7930181957037619,88810.29740000001,0.55506435875,1.0203815932863731,10.6056
GRA SID4 22h15m22s724ms_GMod.csv,0.553266164375,0.5675529684309543,0.4787,0.0,16.1309,0.0,0.9426,0.9426,0.0014188824210773856,0.7926019223984304,88522.5863,0.553266164375,1.0258226600050044,16.1309
GRA SID4 22h15m22s924ms_GMod.csv,0.550242944375,0.5670826494979936,0.47425,0.0,17.6963,0.0,0.9351,0.9351,0.001417706623744984,0.790156958650661,88038.8711,0.550242944375,1.0306041273116016,17.6963
GRA SID4 22h15m23s127ms_GMod.csv,0.55023184125,0.5673358880408249,0.4747,0.0,16.7247,0.0,0.937125,0.937125,0.0014183397201020622,0.7903309922411464,88037.0946,0.55023184125,1.0310851635756617,16.7247
GRA SID4 22h15m23s325ms_GMod.csv,0.55726579875,0.5676276988293493,0.4873,0.0,15.7218,0.0,0.9519,0.9519,0.0014190692470733733,0.7954522997498027,89162.52780000001,0.55726579875,1.018594179118068,15.7218
GRA SID4 22h15m23s524ms_GMod.csv,0.549796571875,0.5661995309110257,0.47545,0.0,16.7721,0.0,0.9352,0.9352,0.0014154988272775642,0.7892123767481333,87967.4515,0.549796571875,1.0298345967837814,16.7721
GRA SID4 22h15m23s727ms_GMod.csv,0.56104254125,0.5833106264049285,0.4821,0.0,16.2914,0.0,0.9462,0.9462,0.001458276566012321,0.809331757315024,89766.8066,0.56104254125,1.0396905466460273,16.2914
GRA SID4 22h15m23s932ms_GMod.csv,0.551182038125,0.571362188424622,0.4789,0.0,26.3027,0.0,0.9391,0.9391,0.0014284054710615552,0.7938856020679633,88189.1261,0.551182038125,1.0366124962403236,26.3027
GRA SID4 22h15m24s125ms_GMod.csv,0.5494445425,0.5626164395583625,0.4765,0.0,10.0358,0.0,0.9345,0.9345,0.0014065410988959063,0.7863997615630997,87911.1268,0.5494445425,1.023973114734029,10.0358
GRA SID4 22h15m24s328ms_GMod.csv,0.550008063125,0.5653746962112542,0.4755,0.0,17.176,0.0,0.9351,0.9351,0.0014134367405281357,0.7887682922221598,88001.2901,0.550008063125,1.0279389232912646,17.176
GRA SID4 22h15m24s534ms_GMod.csv,0.54807981125,0.5671384960860533,0.4717,0.0,18.538,0.0,0.931425,0.931425,0.001417846240215133,0.7886922992870065,87692.76980000001,0.54807981125,1.034773557507166,18.538
GRA SID4 22h15m24s729ms_GMod.csv,0.55781774375,0.5739485833959883,0.4842,0.0,16.7792,0.0,0.9479,0.9479,0.0014348714584899707,0.8003596396423922,89250.839,0.55781774375,1.0289177600133652,16.7792
GRA SID4 22h15m24s930ms_GMod.csv,0.5516112193749999,0.5673679985320146,0.4761,0.0,10.1251,0.0,0.9366,0.9366,0.0014184199963300365,0.7913149633258002,88257.79509999999,0.5516112193749999,1.0285650084743367,10.1251
GRA SID4 22h15m25s127ms_GMod.csv,0.5494279306250001,0.5665063208287175,0.4736,0.0,15.8461,0.0,0.9332,0.9332,0.0014162658020717938,0.7891758084742192,87908.4689,0.5494279306250001,1.0310839497789255,15.8461
GRA SID4 22h15m25s333ms_GMod.csv,0.54961311875,0.5657717675892856,0.475,0.0,16.2026,0.0,0.9348,0.9348,0.001414429418973214,0.7887777080347954,87938.099,0.54961311875,1.0294000421150906,16.2026
GRA SID4 22h15m25s533ms_GMod.csv,0.551429353125,0.5689212760490867,0.4742,0.0,16.7721,0.0,0.9364,0.9364,0.0014223031901227168,0.7923027999968273,88228.69649999999,0.551429353125,1.0317210587792012,16.7721
GRA SID4 22h15m25s728ms_GMod.csv,0.552097215625,0.569136540615208,0.4788,0.0,17.4764,0.0,0.939,0.939,0.00142284135153802,0.7929222615659195,88335.5545,0.552097215625,1.0308629069427344,17.4764
GRA SID4 22h15m25s928ms_GMod.csv,0.551871541875,0.5697812631034354,0.478,0.0,22.5093,0.0,0.9397,0.9397,0.0014244531577585883,0.7932281244688929,88299.4467,0.551871541875,1.032452699348392,22.5093
GRA SID4 22h15m26s123ms_GMod.csv,0.55153117875,0.5664347044023259,0.4789,0.0,15.8883,0.0,0.9386,0.9386,0.0014160867610058148,0.7905902289954007,88244.9886,0.55153117875,1.027022090908943,15.8883
GRA SID4 22h15m26s334ms_GMod.csv,0.553477803125,0.5696702650723087,0.4773,0.0,11.599,0.0,0.9395,0.9395,0.0014241756626807718,0.7942668702541436,88556.4485,0.553477803125,1.0292558470364213,11.599
GRA SID4 22h15m26s530ms_GMod.csv,0.55249589,0.5692412628570409,0.476,0.0,16.6474,0.0,0.9383,0.9383,0.0014231031571426023,0.7932750459855491,88399.3424,0.55249589,1.030308592623215,16.6474
GRA SID4 22h15m26s734ms_GMod.csv,0.55472764625,0.5721649494503254,0.4789,0.0,17.3079,0.0,0.9416,0.9416,0.0014304123736258135,0.7969275028595763,88756.4234,0.55472764625,1.031433989845596,17.3079
GRA SID4 22h15m26s924ms_GMod.csv,0.5544623706249999,0.5725297018074382,0.4788,0.0,17.4018,0.0,0.9408,0.9408,0.0014313242545185955,0.7970048501745065,88713.97929999999,0.5544623706249999,1.0325853153227331,17.4018
GRA SID4 22h15m27s125ms_GMod.csv,0.55209277625,0.5717215683753026,0.4748,0.0,17.1971,0.0,0.9352,0.9352,0.0014293039209382567,0.794776661976967,88334.84419999999,0.55209277625,1.0355534304534693,17.1971
GRA SID4 22h15m27s325ms_GMod.csv,0.5509675643749999,0.5633813935106117,0.47705,0.0,10.1764,0.0,0.9373,0.9373,0.001408453483776529,0.7880113373588368,88154.8103,0.5509675643749999,1.02253096177934,10.1764
GRA SID4 22h15m27s533ms_GMod.csv,0.55193127875,0.5692648570122028,0.47765,0.0,16.2058,0.0,0.9376,0.9376,0.0014231621425305069,0.7928988513683507,88309.0046,0.55193127875,1.0314053196992712,16.2058
GRA SID4 22h15m27s735ms_GMod.csv,0.5491043775,0.5658775786845821,0.4729,0.0,12.0235,0.0,0.931425,0.931425,0.0014146939467114552,0.7884992391173405,87856.7004,0.5491043775,1.0305464714375758,12.0235
GRA SID4 22h15m27s934ms_GMod.csv,0.551060705,0.5674765867175763,0.4748,0.0,16.0501,0.0,0.9362,0.9362,0.0014186914667939407,0.7910092062563179,88169.71280000001,0.551060705,1.029789606784876,16.0501
GRA SID4 22h15m28s124ms_GMod.csv,0.5504721625,0.5666608561789721,0.47455,0.0,16.0605,0.0,0.9377,0.9377,0.0014166521404474302,0.7900140003250734,88075.546,0.5504721625,1.0294087417689224,16.0605
GRA SID4 22h15m28s325ms_GMod.csv,0.55153954875,0.5698682456156027,0.4753,0.0,16.2247,0.0,0.9361,0.9361,0.0014246706140390068,0.7930596834475953,88246.3278,0.55153954875,1.0332318813874894,16.2247
GRA SID4 22h15m28s527ms_GMod.csv,0.552731651875,0.5725028318257903,0.4756,0.0,15.4174,0.0,0.9368,0.9368,0.0014312570795644757,0.7957824595554915,88437.0643,0.552731651875,1.0357699434846657,15.4174
GRA SID4 22h15m28s734ms_GMod.csv,0.552468433125,0.5692782385222979,0.4768,0.0,16.2821,0.0,0.9391,0.9391,0.0014231955963057447,0.7932824572426505,88394.94930000001,0.552468433125,1.0304267255618278,16.2821
GRA SID4 22h15m28s933ms_GMod.csv,0.5513690368749999,0.568059442074096,0.4754,0.0,16.4779,0.0,0.936925,0.936925,0.00142014860518524,0.7916421715219177,88219.0459,0.5513690368749999,1.0302708423611564,16.4779
GRA SID4 22h15m29s134ms_GMod.csv,0.55173169625,0.5705382042750192,0.4752,0.0,15.5031,0.0,0.9351,0.9351,0.0014263455106875481,0.7936747902779514,88277.0714,0.55173169625,1.034086328829409,15.5031
GRA SID4 22h15m29s324ms_GMod.csv,0.554140921875,0.5757147688028174,0.4752,0.0,16.1821,0.0,0.9376249999999999,0.9376249999999999,0.0014392869220070433,0.7990729533448823,88662.5475,0.554140921875,1.0389320587510138,16.1821
GRA SID4 22h15m29s524ms_GMod.csv,0.5538367775,0.5715441751380127,0.4768,0.0,11.2377,0.0,0.941,0.941,0.0014288604378450318,0.7958617207804538,88613.88440000001,0.5538367775,1.0319722314522182,11.2377
GRA SID4 22h15m29s729ms_GMod.csv,0.552746196875,0.5713712380397784,0.4769,0.0,16.76,0.0,0.9374,0.9374,0.001428428095099446,0.7949788735633561,88439.3915,0.552746196875,1.033695466868959,16.76
GRA SID4 22h15m29s935ms_GMod.csv,0.553819345625,0.5741887165964675,0.4746,0.0,16.6966,0.0,0.9387,0.9387,0.0014354717914911688,0.7977508942495379,88611.0953,0.553819345625,1.036779811198981,16.6966
GRA SID4 22h15m30s132ms_GMod.csv,0.553437759375,0.5731375905757953,0.4761,0.0,16.2835,0.0,0.9388,0.9388,0.0014328439764394881,0.7967295640248249,88550.04149999999,0.553437759375,1.0355953869537324,16.2835
GRA SID4 22h15m30s329ms_GMod.csv,0.554101125,0.5707376006523615,0.4779,0.0,11.1799,0.0,0.9396,0.9396,0.0014268440016309036,0.7954667998357159,88656.18,0.554101125,1.0300242589316733,11.1799
GRA SID4 22h15m30s525ms_GMod.csv,0.5544792199999999,0.5729305583331812,0.4774,0.0,9.8699,0.0,0.9395,0.9395,0.001432326395832953,0.7973045707412413,88716.6752,0.5544792199999999,1.0332768797578167,9.8699
GRA SID4 22h15m30s729ms_GMod.csv,0.5553495268749999,0.5788559647288785,0.4736,0.0,16.1959,0.0,0.9377249999999999,0.9377249999999999,0.0014471399118221962,0.8021753116922525,88855.92429999998,0.5553495268749999,1.0423272852776322,16.1959
GRA SID4 22h15m30s926ms_GMod.csv,0.5544587825,0.5783334402245112,0.477,0.0,19.61,0.0,0.9383250000000001,0.9383250000000001,0.001445833600561278,0.8011816392919274,88713.40520000001,0.5544587825,1.0430593913867134,19.61
GRA SID4 22h15m31s134ms_GMod.csv,0.554519475625,0.5735713830596495,0.4773,0.0,15.4827,0.0,0.9416249999999999,0.9416249999999999,0.0014339284576491238,0.7977931587583104,88723.1161,0.554519475625,1.0343575082049945,15.4827
GRA SID4 22h15m31s328ms_GMod.csv,0.5545241049999999,0.5735351517860641,0.4779,0.0,16.9205,0.0,0.9388,0.9388,0.00143383787946516,0.7977703287721661,88723.8568,0.5545241049999999,1.034283535402,16.9205
GRA SID4 22h15m31s529ms_GMod.csv,0.552635548125,0.5720548687490332,0.47465,0.0,16.8509,0.0,0.937,0.937,0.001430137171872583,0.7953934728287393,88421.68770000001,0.552635548125,1.0351394706491186,16.8509
GRA SID4 22h15m31s735ms_GMod.csv,0.552551475,0.5728541501301249,0.4754,0.0,17.3761,0.0,0.9378,0.9378,0.0014321353753253122,0.7959101449499497,88408.236,0.552551475,1.0367435000134388,17.3761
GRA SID4 22h15m31s925ms_GMod.csv,0.55349186875,0.5705767506785878,0.4763,0.0,16.3096,0.0,0.9387,0.9387,0.0014264418766964696,0.7949270673784326,88558.699,0.55349186875,1.0308674488139118,16.3096
GRA SID4 22h15m32s128ms_GMod.csv,0.55425217,0.5711564091272977,0.4782,0.0,16.7615,0.0,0.9417,0.9417,0.0014278910228182442,0.7958725229357557,88680.3472,0.55425217,1.0304991843807616,16.7615
GRA SID4 22h15m32s327ms_GMod.csv,0.551380725,0.5666973149382892,0.475,0.0,11.0288,0.0,0.9379,0.9379,0.001416743287345723,0.7906734746393419,88220.916,0.551380725,1.0277786096662365,11.0288
GRA SID4 22h15m32s527ms_GMod.csv,0.5515150693749999,0.5714572023700155,0.4737,0.0,16.6653,0.0,0.9343,0.9343,0.0014286430059250387,0.794185220756114,88242.4111,0.5515150693749999,1.0361588179568306,16.6653
GRA SID4 22h15m32s734ms_GMod.csv,0.556016135,0.5772612199323301,0.4771,0.0,17.7909,0.0,0.9407,0.9407,0.0014431530498308254,0.8014876017302919,88962.5816,0.556016135,1.0382094755780638,17.7909
GRA SID4 22h15m32s935ms_GMod.csv,0.5539738025,0.5745253606062602,0.47495,0.0,16.7152,0.0,0.9383,0.9383,0.0014363134015156506,0.7981004328027113,88635.8084,0.5539738025,1.0370984295872425,16.7152
GRA SID4 22h15m33s124ms_GMod.csv,0.554498715,0.5719403754499288,0.4775,0.0,11.3013,0.0,0.9398,0.9398,0.001429850938624822,0.7966069128075339,88719.79440000001,0.554498715,1.0314548257319178,11.3013
GRA SID4 22h15m33s329ms_GMod.csv,0.554990958125,0.5736072089488768,0.478,0.0,9.6602,0.0,0.9409,0.9409,0.0014340180223721922,0.7981466891185715,88798.5533,0.554990958125,1.0335433407523198,9.6602
GRA SID4 22h15m33s525ms_GMod.csv,0.552698531875,0.5721857135929294,0.474,0.0,10.2662,0.0,0.9341,0.9341,0.0014304642839823233,0.795531339262359,88431.76509999999,0.552698531875,1.0352582476576968,10.2662
GRA SID4 22h15m33s735ms_GMod.csv,0.55061473875,0.5719067325957412,0.473,0.0,17.5925,0.0,0.9327,0.9327,0.001429766831489353,0.793884032516006,88098.3582,0.55061473875,1.038669494923146,17.5925
GRA SID4 22h15m33s929ms_GMod.csv,0.5518640349999999,0.5720887166927366,0.4726,0.0,17.6753,0.0,0.9333,0.9333,0.0014302217917318415,0.7948819832901297,88298.2456,0.5518640349999999,1.036647942987805,17.6753
GRA SID4 22h15m34s136ms_GMod.csv,0.5541417375,0.5720427463732531,0.4757,0.0,11.4444,0.0,0.939,0.939,0.001430106865933133,0.7964319956607249,88662.678,0.5541417375,1.0323040255963771,11.4444
GRA SID4 22h15m34s324ms_GMod.csv,0.5548690074999999,0.5730388618362391,0.4763,0.0,14.128,0.0,0.9411,0.9411,0.0014325971545905978,0.7976534964030434,88779.04119999999,0.5548690074999999,1.0327462051215872,14.128
GRA SID4 22h15m34s525ms_GMod.csv,0.557210876875,0.576083705634416,0.4791,0.0,16.7735,0.0,0.9439249999999999,0.9439249999999999,0.00144020926408604,0.801470101128272,89153.7403,0.557210876875,1.0338701729302673,16.7735
GRA SID4 22h15m34s730ms_GMod.csv,0.55596026375,0.5747991499666844,0.4785,0.0,12.5259,0.0,0.9403,0.9403,0.0014369978749167109,0.7996773178654626,88953.6422,0.55596026375,1.0338853105950065,12.5259
GRA SID4 22h15m34s935ms_GMod.csv,0.551876436875,0.5730852959609891,0.4707,0.0,17.0412,0.0,0.9341250000000001,0.9341250000000001,0.0014327132399024728,0.795608135552492,88300.2299,0.551876436875,1.0384304486798637,17.0412
GRA SID4 22h15m35s135ms_GMod.csv,0.5554083000000001,0.5729177122234842,0.4784,0.0,18.1971,0.0,0.9417,0.9417,0.0014322942805587106,0.7979417480125821,88865.32800000001,0.5554083000000001,1.031525298095928,18.1971
GRA SID4 22h15m35s335ms_GMod.csv,0.552664153125,0.5706011398063614,0.4749,0.0,10.2192,0.0,0.9359,0.9359,0.0014265028495159034,0.7943684862753007,88426.26449999999,0.552664153125,1.0324554914207944,10.2192
GRA SID4 22h15m35s525ms_GMod.csv,0.55211737,0.5741839512934597,0.47315,0.0,17.6824,0.0,0.9348,0.9348,0.0014354598782336493,0.7965668456781421,88338.7792,0.55211737,1.0399671926503955,17.6824
GRA SID4 22h15m35s724ms_GMod.csv,0.5526187081249999,0.5729192437702872,0.4756,0.0,17.5035,0.0,0.936,0.936,0.001432298109425718,0.7960036714577312,88418.99329999999,0.5526187081249999,1.0367351581583784,17.5035
GRA SID4 22h15m35s931ms_GMod.csv,0.5527661500000001,0.574454222954616,0.4738,0.0,16.1105,0.0,0.9357,0.9357,0.00143613555738654,0.7972113950332591,88442.584,0.5527661500000001,1.0392355301669192,16.1105
GRA SID4 22h15m36s135ms_GMod.csv,0.5541643175000001,0.5744005016282071,0.4774,0.0,20.9115,0.0,0.9378,0.9378,0.0014360012540705178,0.7981428224079792,88666.29080000002,0.5541643175000001,1.0365165772824603,20.9115
GRA SID4 22h15m36s332ms_GMod.csv,0.55242157875,0.5711415149530987,0.4758,0.0,16.2655,0.0,0.9369,0.9369,0.0014278537873827469,0.7945880643485183,88387.45259999999,0.55242157875,1.0338870473605026,16.2655
GRA SID4 22h15m36s529ms_GMod.csv,0.554164954375,0.5753329130634905,0.4748,0.0,16.8257,0.0,0.9368,0.9368,0.0014383322826587264,0.7988145521407409,88666.3927,0.554164954375,1.038197938213769,16.8257
GRA SID4 22h15m36s725ms_GMod.csv,0.553592606875,0.5708231773493022,0.4763,0.0,16.2788,0.0,0.9395,0.9395,0.0014270579433732556,0.7951740926938186,88574.8171,0.553592606875,1.0311250010554454,16.2788
GRA SID4 22h15m36s926ms_GMod.csv,0.5534045675,0.5718877695389795,0.4756,0.0,16.5979,0.0,0.9391,0.9391,0.0014297194238474488,0.7958078864779489,88544.7308,0.5534045675,1.0333990774984814,16.5979
GRA SID4 22h15m37s136ms_GMod.csv,0.556253748125,0.5757791285045696,0.4783,0.0,16.4968,0.0,0.9434,0.9434,0.001439447821261424,0.8005858886556536,89000.59969999999,0.556253748125,1.0351015709006006,16.4968
GRA SID4 22h15m37s331ms_GMod.csv,0.55434054875,0.5711905194413973,0.4785,0.0,14.7283,0.0,0.9396,0.9396,0.0014279762986034933,0.7959585506619519,88694.4878,0.55434054875,1.0303964245956072,14.7283
GRA SID4 22h15m37s536ms_GMod.csv,0.5552845981250001,0.5731653768493892,0.4772,0.0,15.8159,0.0,0.9418,0.9418,0.0014329134421234729,0.7980335086278098,88845.53570000001,0.5552845981250001,1.0322011069345953,15.8159
GRA SID4 22h15m37s735ms_GMod.csv,0.55242994375,0.5718618626576781,0.4729,0.0,15.6389,0.0,0.937,0.937,0.0014296546566441954,0.7951118089938672,88388.791,0.55242994375,1.0351753541358302,15.6389
GRA SID4 22h15m37s925ms_GMod.csv,0.554324689375,0.5718154492976056,0.4776,0.0,14.6159,0.0,0.9411,0.9411,0.001429538623244014,0.796396085955624,88691.9503,0.554324689375,1.0315532760074153,14.6159
GRA SID4 22h15m38s130ms_GMod.csv,0.553257705625,0.5726321035478722,0.47655000000000003,0.0,16.999,0.0,0.938025,0.938025,0.0014315802588696805,0.7962408966042015,88521.2329,0.553257705625,1.0350187583920778,16.999
GRA SID4 22h15m38s330ms_GMod.csv,0.5550696268749999,0.5708019752929903,0.4782,0.0,9.603,0.0,0.943,0.943,0.0014270049382324756,0.7961878856993728,88811.1403,0.5550696268749999,1.028343017984129,9.603
GRA SID4 22h15m38s533ms_GMod.csv,0.550922355625,0.5642988947026917,0.4762,0.0,8.7456,0.0,0.9382,0.9382,0.0014107472367567292,0.7886359707002416,88147.5769,0.550922355625,1.0242802618918818,8.7456
GRA SID4 22h15m38s736ms_GMod.csv,0.5510613975,0.5684142847452608,0.4743,0.0,17.3036,0.0,0.9365,0.9365,0.001421035711863152,0.7916826659556372,88169.8236,0.5510613975,1.0314899343756505,17.3036
GRA SID4 22h15m38s936ms_GMod.csv,0.55374110625,0.5721772888898494,0.4772,0.0,16.5099,0.0,0.9397249999999999,0.9397249999999999,0.0014304432222246235,0.7962499711174249,88598.57699999999,0.55374110625,1.0332938668101925,16.5099
GRA SID4 22h15m39s130ms_GMod.csv,0.55304385375,0.5701242351524101,0.4756,0.0,16.069,0.0,0.9387,0.9387,0.001425310587881025,0.7942903223434741,88487.01659999999,0.55304385375,1.0308843164706796,16.069
GRA SID4 22h15m39s325ms_GMod.csv,0.5538707549999999,0.571972632710306,0.4755,0.0,17.4015,0.0,0.941025,0.941025,0.0014299315817757649,0.7961931054144465,88619.32079999999,0.5538707549999999,1.032682494148429,17.4015
GRA SID4 22h15m39s535ms_GMod.csv,0.55287954,0.5706178603807714,0.4752,0.0,10.5402,0.0,0.9373,0.9373,0.0014265446509519287,0.7945303602169649,88460.7264,0.55287954,1.0320835174688132,10.5402
GRA SID4 22h15m39s735ms_GMod.csv,0.5521005787500001,0.5703052382147604,0.4757,0.0,16.1843,0.0,0.9364,0.9364,0.0014257630955369011,0.7937638697943332,88336.0926,0.5521005787500001,1.0329734475282462,16.1843
GRA SID4 22h15m39s932ms_GMod.csv,0.5521426243750001,0.5730419496303918,0.4747,0.0,16.5505,0.0,0.935225,0.935225,0.0014326048740759794,0.7957615857348151,88342.8199,0.5521426243750001,1.0378513165470806,16.5505
GRA SID4 22h15m40s134ms_GMod.csv,0.5513332875,0.5693996722044053,0.4749,0.0,16.6319,0.0,0.9349,0.9349,0.0014234991805110134,0.7925795570553943,88213.326,0.5513332875,1.032768536043405,16.6319
GRA SID4 22h15m40s329ms_GMod.csv,0.552865269375,0.5720475467113239,0.47535,0.0,17.3058,0.0,0.9371,0.9371,0.0014301188667783097,0.7955478342246697,88458.4431,0.552865269375,1.0346961156684236,17.3058
GRA SID4 22h15m40s528ms_GMod.csv,0.550171489375,0.5699556245670966,0.4736,0.0,15.872,0.0,0.933,0.933,0.0014248890614177415,0.7921717309952038,88027.43830000001,0.550171489375,1.035959942623591,15.872
GRA SID4 22h15m40s736ms_GMod.csv,0.5486856318750001,0.5713315902691993,0.4697,0.0,13.6869,0.0,0.9269,0.9269,0.0014283289756729983,0.792132355444428,87789.7011,0.5486856318750001,1.0412731026248507,13.6869
GRA SID4 22h15m40s935ms_GMod.csv,0.5504875606249999,0.5738745814484814,0.4702,0.0,17.4838,0.0,0.9308,0.9308,0.0014346864536212034,0.795214770555925,88078.0097,0.5504875606249999,1.0424841949123906,17.4838
GRA SID4 22h15m41s135ms_GMod.csv,0.549160645,0.5665197881136841,0.4721,0.0,9.5951,0.0,0.9312,0.9312,0.0014162994702842102,0.7889994159928131,87865.70319999999,0.549160645,1.0316103188943055,9.5951
GRA SID4 22h15m41s346ms_GMod.csv,0.555500650625,0.5806420766716116,0.4736,0.0,13.6419,0.0,0.9357249999999999,0.9357249999999999,0.0014516051916790291,0.8035695905699067,88880.1041,0.555500650625,1.0452590397820047,13.6419
GRA SID4 22h15m41s527ms_GMod.csv,0.5544587868749999,0.5778032327500335,0.4734,0.0,19.5745,0.0,0.939125,0.939125,0.001444508081875084,0.800798998198479,88713.4059,0.5544587868749999,1.0421031218669359,19.5745
GRA SID4 22h15m41s729ms_GMod.csv,0.551706708125,0.5754653066481795,0.471,0.0,17.8185,0.0,0.9323250000000001,0.9323250000000001,0.0014386632666204488,0.7972067117089597,88273.0733,0.551706708125,1.0430638202730598,17.8185
GRA SID4 22h15m41s932ms_GMod.csv,0.55057121,0.5704976045342923,0.47135,0.0,9.4307,0.0,0.931,0.931,0.0014262440113357309,0.7928392900760216,88091.3936,0.55057121,1.036192220318342,9.4307
GRA SID4 22h15m42s136ms_GMod.csv,0.5509600137499999,0.571023916967854,0.4745,0.0,16.8572,0.0,0.9335,0.9335,0.001427559792419635,0.7934880040515736,88153.6022,0.5509600137499999,1.0364162601932883,16.8572
GRA SID4 22h15m42s335ms_GMod.csv,0.553700976875,0.5734078499486627,0.4764,0.0,16.6182,0.0,0.9389,0.9389,0.0014335196248716567,0.797106817933809,88592.1563,0.553700976875,1.0355911835009748,16.6182
GRA SID4 22h15m42s533ms_GMod.csv,0.5540174987500001,0.5766451553700628,0.4749,0.0,16.6475,0.0,0.9377,0.9377,0.001441612888425157,0.7996580180835118,88642.79980000001,0.5540174987500001,1.0408428554514533,16.6475
GRA SID4 22h15m42s725ms_GMod.csv,0.5535278975,0.5736684938506382,0.4756,0.0,16.4682,0.0,0.9382250000000001,0.9382250000000001,0.0014341712346265956,0.7971741449021663,88564.4636,0.5535278975,1.036385874028331,16.4682
GRA SID4 22h15m42s927ms_GMod.csv,0.55210531625,0.5724953657245935,0.4742,0.0,16.0494,0.0,0.9344,0.9344,0.0014312384143114836,0.7953421751449185,88336.8506,0.55210531625,1.0369314492605315,16.0494
GRA SID4 22h15m43s136ms_GMod.csv,0.551812971875,0.5712201154873838,0.4735,0.0,16.11,0.0,0.9337,0.9337,0.0014280502887184597,0.7942215918365053,88290.07549999999,0.551812971875,1.0351697850548989,16.11
GRA SID4 22h15m43s335ms_GMod.csv,0.55084729375,0.5708479151259904,0.4715,0.0,10.2418,0.0,0.9334,0.9334,0.0014271197878149761,0.7932830809770872,88135.567,0.55084729375,1.0363088311441018,10.2418
GRA SID4 22h15m43s533ms_GMod.csv,0.549358433125,0.5687446485124958,0.4714,0.0,14.4636,0.0,0.9312,0.9312,0.0014218616212812395,0.7907358228679712,87897.3493,0.549358433125,1.0352888282358441,14.4636
GRA SID4 22h15m43s735ms_GMod.csv,0.5505680981250001,0.5714056246294151,0.4724,0.0,15.3142,0.0,0.933225,0.933225,0.0014285140615735378,0.7934907547531272,88090.89570000001,0.5505680981250001,1.0378473191133684,15.3142
GRA SID4 22h15m43s928ms_GMod.csv,0.550932326875,0.5688145447568568,0.4719,0.0,8.8912,0.0,0.9335,0.9335,0.001422036361892142,0.7918802895232571,88149.1723,0.550932326875,1.0324581023993562,8.8912
GRA SID4 22h15m44s127ms_GMod.csv,0.55252665625,0.57110883493556,0.4751,0.0,17.0388,0.0,0.936,0.936,0.0014277720873389,0.7946376335633274,88404.265,0.55252665625,1.033631280001301,17.0388
GRA SID4 22h15m44s329ms_GMod.csv,0.552853966875,0.5703563626649497,0.4744,0.0,9.9201,0.0,0.9369,0.9369,0.0014258909066623743,0.7943247798960684,88456.6347,0.552853966875,1.0316582621046388,9.9201
GRA SID4 22h15m44s535ms_GMod.csv,0.55265835125,0.5740068482092725,0.4737,0.0,17.522,0.0,0.9368,0.9368,0.0014350171205231813,0.7968143169668671,88425.33619999999,0.55265835125,1.0386287421694578,17.522
GRA SID4 22h15m44s735ms_GMod.csv,0.553895919375,0.5764031958896588,0.4749,0.0,18.0334,0.0,0.9392,0.9392,0.001441007989724147,0.7993993102499292,88623.3471,0.553895919375,1.0406344869610427,18.0334
GRA SID4 22h15m44s937ms_GMod.csv,0.55390723,0.5726104437815722,0.4757,0.0,17.0672,0.0,0.9394,0.9394,0.0014315261094539305,0.7966767791940468,88625.1568,0.55390723,1.0337659679591806,17.0672
GRA SID4 22h15m45s126ms_GMod.csv,0.553259986875,0.5732222910366934,0.4761,0.0,16.0266,0.0,0.9367,0.9367,0.0014330557275917335,0.7966670285442736,88521.5979,0.553259986875,1.0360812360087908,16.0266
GRA SID4 22h15m45s328ms_GMod.csv,0.5546349706250001,0.5725609630884041,0.4773,0.0,12.7136,0.0,0.9407,0.9407,0.0014314024077210102,0.7971473879904911,88741.59530000002,0.5546349706250001,1.0323203429494745,12.7136
GRA SID4 22h15m45s528ms_GMod.csv,0.55343878,0.5727072350964703,0.4766,0.0,16.6947,0.0,0.938,0.938,0.0014317680877411756,0.7964207495914926,88550.2048,0.55343878,1.0348158744774543,16.6947
GRA SID4 22h15m45s735ms_GMod.csv,0.5533763456249999,0.5723193338021896,0.4762,0.0,11.6268,0.0,0.9387,0.9387,0.001430798334505474,0.7960984565725444,88540.2153,0.5533763456249999,1.0342316550498027,11.6268
GRA SID4 22h15m45s937ms_GMod.csv,0.55241726625,0.5740155765679534,0.4736,0.0,16.2962,0.0,0.9361250000000001,0.9361250000000001,0.0014350389414198835,0.796653412003614,88386.7626,0.55241726625,1.0390978190517672,16.2962
GRA SID4 22h15m46s136ms_GMod.csv,0.5543485862499999,0.5763155265606809,0.476,0.0,17.5133,0.0,0.9381,0.9381,0.0014407888164017022,0.7996498392170631,88695.7738,0.5543485862499999,1.0396265830823905,17.5133
GRA SID4 22h15m46s330ms_GMod.csv,0.554071496875,0.5740770644741298,0.4777,0.0,16.9633,0.0,0.9391,0.9391,0.0014351926611853244,0.797845624056786,88651.43950000001,0.554071496875,1.0361064731012628,16.9633
GRA SID4 22h15m46s527ms_GMod.csv,0.552018671875,0.5669148774151747,0.4779,0.0,16.8734,0.0,0.9383,0.9383,0.0014172871935379367,0.7912743415720698,88322.9875,0.552018671875,1.0269849668101823,16.8734
GRA SID4 22h15m46s730ms_GMod.csv,0.5534816349999999,0.5745754652322744,0.47355,0.0,16.9159,0.0,0.936,0.936,0.001436438663080686,0.797794975023737,88557.06159999999,0.5534816349999999,1.0381111655696333,16.9159
GRA SID4 22h15m46s936ms_GMod.csv,0.555202139375,0.5744346538412204,0.4772,0.0,12.1068,0.0,0.941025,0.941025,0.001436086634603051,0.798888305556814,88832.34229999999,0.555202139375,1.0346405626009225,12.1068
GRA SID4 22h15m47s133ms_GMod.csv,0.55405666,0.5710969845328859,0.4785,0.0,16.136,0.0,0.9417249999999999,0.9417249999999999,0.001427742461332215,0.7956937286320503,88649.0656,0.55405666,1.0307555630354759,16.136
GRA SID4 22h15m47s337ms_GMod.csv,0.554106751875,0.5721758364944721,0.47735,0.0,17.2591,0.0,0.9396249999999999,0.9396249999999999,0.0014304395912361804,0.7965032543462629,88657.0803,0.554106751875,1.0326093926076463,17.2591
GRA SID4 22h15m47s526ms_GMod.csv,0.5532418874999999,0.5717347502346182,0.47755000000000003,0.0,16.3514,0.0,0.9384,0.9384,0.0014293368755865453,0.7955847960503645,88518.70199999999,0.5532418874999999,1.0334263604246432,16.3514
GRA SID4 22h15m47s731ms_GMod.csv,0.55275185625,0.5724033353817648,0.4759,0.0,14.4744,0.0,0.9345,0.9345,0.001431008338454412,0.7957249180207473,88440.297,0.55275185625,1.0355520816592994,14.4744
GRA SID4 22h15m47s935ms_GMod.csv,0.5519071218749999,0.5705485680682844,0.4752,0.0,15.7693,0.0,0.9377,0.9377,0.0014263714201707108,0.7938041982540074,88305.13949999999,0.5519071218749999,1.033776418990427,15.7693
GRA SID4 22h15m48s136ms_GMod.csv,0.553324756875,0.5729774388169165,0.4747,0.0,10.0261,0.0,0.9363,0.9363,0.0014324435970422913,0.7965358623874461,88531.9611,0.553324756875,1.0355174455809153,10.0261
GRA SID4 22h15m48s335ms_GMod.csv,0.5519352456250001,0.5719961686127487,0.4759,0.0,17.6486,0.0,0.9365,0.9365,0.0014299904215318718,0.7948648233493463,88309.63930000001,0.5519352456250001,1.0363465155482066,17.6486
GRA SID4 22h15m48s535ms_GMod.csv,0.551506655625,0.568649730481001,0.4752,0.0,16.7899,0.0,0.9365,0.9365,0.0014216243262025025,0.7921616540574673,88241.0649,0.551506655625,1.0310840761033833,16.7899
GRA SID4 22h15m48s726ms_GMod.csv,0.552801780625,0.571476877328624,0.4755,0.0,15.1045,0.0,0.9373,0.9373,0.0014286921933215598,0.7950934465973559,88448.2849,0.552801780625,1.0337826276201139,15.1045
GRA SID4 22h15m48s931ms_GMod.csv,0.551516215,0.5691636923726365,0.4751,0.0,15.9741,0.0,0.936,0.936,0.0014229092309315913,0.7925373300056597,88242.5944,0.551516215,1.031998111554353,15.9741
GRA SID4 22h15m49s127ms_GMod.csv,0.5519904018749999,0.5697395646072732,0.4762,0.0,16.4849,0.0,0.9374,0.9374,0.001424348911518183,0.7932808748931159,88318.46429999999,0.5519904018749999,1.0321548394155964,16.4849
GRA SID4 22h15m49s336ms_GMod.csv,0.5530147125,0.5682879299048044,0.4787,0.0,16.2997,0.0,0.9407,0.9407,0.0014207198247620108,0.7929529778442886,88482.35399999999,0.5530147125,1.0276181032051237,16.2997
GRA SID4 22h15m49s537ms_GMod.csv,0.5514337825000001,0.5681516208247313,0.4768,0.0,16.6216,0.0,0.938,0.938,0.0014203790520618282,0.7917534106345074,88229.40520000001,0.5514337825000001,1.030317036885024,16.6216
GRA SID4 22h15m49s737ms_GMod.csv,0.553247043125,0.5721381281978529,0.4767,0.0,17.067,0.0,0.9389,0.9389,0.0014303453204946323,0.795878308899396,88519.5269,0.553247043125,1.0341458401026657,17.067
GRA SID4 22h15m49s926ms_GMod.csv,0.5535482850000001,0.57057851456291,0.4774,0.0,16.2923,0.0,0.9395,0.9395,0.001426446286407275,0.7949676159179379,88567.7256,0.5535482850000001,1.0307655718992592,16.2923
GRA SID4 22h15m50s130ms_GMod.csv,0.5528578762499999,0.5712987742766686,0.4773,0.0,16.8009,0.0,0.9395,0.9395,0.0014282469356916717,0.7950044534041145,88457.26019999999,0.5528578762499999,1.0333555852558687,16.8009
GRA SID4 22h15m50s333ms_GMod.csv,0.554549145625,0.5686737245866926,0.47965,0.0,17.1293,0.0,0.9449,0.9449,0.0014216843114667316,0.7943000306952264,88727.8633,0.554549145625,1.0254703826921385,17.1293
GRA SID4 22h15m50s536ms_GMod.csv,0.5567424274999999,0.5750216520735627,0.48,0.0,16.8384,0.0,0.9443,0.9443,0.0014375541301839068,0.8003811369404735,89078.78839999999,0.5567424274999999,1.0328324619602123,16.8384
GRA SID4 22h15m50s733ms_GMod.csv,0.55272646625,0.5689139872685662,0.4768,0.0,15.23,0.0,0.9396,0.9396,0.0014222849681714157,0.7932008878641652,88436.2346,0.55272646625,1.0292866761516994,15.23
GRA SID4 22h15m50s936ms_GMod.csv,0.55253305,0.5710122465469617,0.4765,0.0,15.3649,0.0,0.9365,0.9365,0.0014275306163674042,0.7945726645217855,88405.288,0.55253305,1.0334445089681572,15.3649
GRA SID4 22h15m51s130ms_GMod.csv,0.549631933125,0.5633304146691475,0.4739,0.0,10.7234,0.0,0.9359,0.9359,0.0014083260366728686,0.7870415710874569,87941.10930000001,0.549631933125,1.0249230088674763,10.7234
GRA SID4 22h15m51s330ms_GMod.csv,0.5507035912499999,0.5702874345991816,0.472,0.0,17.0213,0.0,0.935125,0.935125,0.001425718586497954,0.7927800267437841,88112.57459999999,0.5507035912499999,1.0355614956199837,17.0213
GRA SID4 22h15m51s528ms_GMod.csv,0.553441428125,0.5741057858203104,0.47345,0.0,16.0075,0.0,0.9353,0.9353,0.0014352644645507758,0.7974288731249406,88550.62849999999,0.553441428125,1.0373379307080095,16.0075
GRA SID4 22h15m51s732ms_GMod.csv,0.551669925,0.5692162377215731,0.4766,0.0,15.8349,0.0,0.9364250000000001,0.9364250000000001,0.0014230405943039329,0.7926820335991444,88267.188,0.551669925,1.031805817075385,15.8349
GRA SID4 22h15m51s936ms_GMod.csv,0.5533286700000001,0.5712730460085291,0.4763,0.0,10.1026,0.0,0.9376,0.9376,0.0014281826150213228,0.7953134416280476,88532.58720000001,0.5533286700000001,1.0324298685038256,10.1026
GRA SID4 22h15m52s136ms_GMod.csv,0.554118406875,0.5750193672974888,0.4763,0.0,16.5023,0.0,0.937,0.937,0.001437548418243722,0.7985564570269515,88658.9451,0.554118406875,1.0377193036039425,16.5023
GRA SID4 22h15m52s327ms_GMod.csv,0.55743734,0.5762539042135529,0.4803,0.0,14.324,0.0,0.9448,0.9448,0.0014406347605338823,0.8017498828931159,89189.9744,0.55743734,1.0337554786202863,14.324
GRA SID4 22h15m52s531ms_GMod.csv,0.55345591625,0.5733650463035962,0.4752,0.0,17.3052,0.0,0.9377,0.9377,0.0014334126157589905,0.7969058118015736,88552.9466,0.55345591625,1.0359723863599772,17.3052
GRA SID4 22h15m52s729ms_GMod.csv,0.553511120625,0.570570651807643,0.4775,0.0,16.1108,0.0,0.9382,0.9382,0.0014264266295191076,0.7949360947062427,88561.7793,0.553511120625,1.0308205753162636,16.1108
GRA SID4 22h15m52s936ms_GMod.csv,0.5539753493749999,0.5708200534240129,0.477,0.0,16.9775,0.0,0.9423,0.9423,0.0014270501335600322,0.7954383600468753,88636.05589999999,0.5539753493749999,1.030406955953883,16.9775
GRA SID4 22h15m53s136ms_GMod.csv,0.549227290625,0.5677671061877636,0.4695,0.0,12.7272,0.0,0.9337,0.9337,0.001419417765469409,0.7899418262690693,87876.3665,0.549227290625,1.0337561805070399,12.7272
GRA SID4 22h15m53s332ms_GMod.csv,0.549131200625,0.5678285754262924,0.4714,0.0,15.6231,0.0,0.9325,0.9325,0.001419571438565731,0.7899192056074074,87860.99209999999,0.549131200625,1.0340490119282564,15.6231
GRA SID4 22h15m53s529ms_GMod.csv,0.5499936025,0.567500772771713,0.4742,0.0,17.3665,0.0,0.9336,0.9336,0.0014187519319292824,0.7902835421735511,87998.9764,0.5499936025,1.0318315889332208,17.3665
GRA SID4 22h15m53s728ms_GMod.csv,0.55480231,0.5722931666194717,0.4793,0.0,16.3734,0.0,0.943425,0.943425,0.0014307329165486793,0.7970715305065161,88768.3696,0.55480231,1.031526286576637,16.3734
GRA SID4 22h15m53s926ms_GMod.csv,0.5527050775,0.5678299398183381,0.4768,0.0,9.7738,0.0,0.9381,0.9381,0.0014195748495458452,0.7924088137165216,88432.8124,0.5527050775,1.027365158984469,9.7738
GRA SID4 22h15m54s136ms_GMod.csv,0.55323650125,0.5715803865683707,0.4761,0.0,15.8044,0.0,0.9398,0.9398,0.0014289509664209268,0.7954701268584038,88517.8402,0.55323650125,1.0331574024416155,15.8044
GRA SID4 22h15m54s333ms_GMod.csv,0.5525180537500001,0.5691631327902708,0.4753,0.0,12.4402,0.0,0.9374,0.9374,0.0014229078319756769,0.7932344210765346,88402.8886,0.5525180537500001,1.0301258554833976,12.4402
GRA SID4 22h15m54s538ms_GMod.csv,0.552425495625,0.5695127848459473,0.4757,0.0,9.5457,0.0,0.9376,0.9376,0.001423781962114868,0.7934208928207257,88388.0793,0.552425495625,1.030931391391674,9.5457
GRA SID4 22h15m54s729ms_GMod.csv,0.55056563,0.5684538643761494,0.4726,0.0,14.1961,0.0,0.9341,0.9341,0.0014211346609403735,0.7913660905281134,88090.50080000001,0.55056563,1.0324906485265288,14.1961
GRA SID4 22h15m54s929ms_GMod.csv,0.5549105287499999,0.5711783255538657,0.47795,0.0,10.8707,0.0,0.9422,0.9422,0.0014279458138846642,0.796346868814636,88785.6846,0.5549105287499999,1.0293160716187555,10.8707
GRA SID4 22h15m55s126ms_GMod.csv,0.555888220625,0.5732853660231106,0.48,0.0,16.6786,0.0,0.9437,0.9437,0.0014332134150577766,0.7985397739782205,88942.1153,0.555888220625,1.031296121687053,16.6786
GRA SID4 22h15m55s334ms_GMod.csv,0.55171224375,0.5710172262961252,0.4732,0.0,15.3115,0.0,0.9339,0.9339,0.001427543065740313,0.7940056893696512,88273.959,0.55171224375,1.0349910352068203,15.3115
GRA SID4 22h15m55s536ms_GMod.csv,0.5510068375,0.5718275876825211,0.4713,0.0,16.5017,0.0,0.9339,0.9339,0.0014295689692063027,0.7940990374878469,88161.094,0.5510068375,1.0377867365057576,16.5017
GRA SID4 22h15m55s736ms_GMod.csv,0.5500099925,0.567721087535713,0.4738,0.0,16.4662,0.0,0.9333,0.9333,0.0014193027188392827,0.7904531679121635,88001.5988,0.5500099925,1.0322014059311493,16.4662
GRA SID4 22h15m55s931ms_GMod.csv,0.553267865625,0.5709380875202827,0.4774,0.0,15.6339,0.0,0.938,0.938,0.001427345218800707,0.7950305614252746,88522.8585,0.553267865625,1.0319379146921712,15.6339
